id,title,year,poster_path
127585,X-Men: Days of Future Past,2014.0,/tYfijzolzgoMOtegh1Y7j2Enorg.jpg
246655,X-Men: Apocalypse,2016.0,/2mtQwJKVKQrZgTz49Dizb25eOQQ.jpg
49538,X-Men: First Class,2011.0,/vUvlOY575rztBuJV3a0dbHW5MQR.jpg
36657,X-Men,2000.0,/bRDAc4GogyS9ci3ow7UnInOcriN.jpg
2080,X-Men Origins: Wolverine,2009.0,/yj8LbTju1p7CUJg7US2unSBk33s.jpg
36658,X2,2003.0,/mM5qSVdWlGkvALHhNIb6kW6D42Y.jpg
36668,X-Men: The Last Stand,2006.0,/sNSvwqiNXjEvDSeQFsJAGPEP7Gl.jpg
760104,X,2022.0,/woTQx9Q4b8aO13jR9dsj8C9JESy.jpg
352492,XOXO,2016.0,/lSWO4dZTqOEGSHffJl4GH3G8Fvp.jpg
278236,X+Y,2014.0,/jYkfSWb9rlTTzvLclCuJwm48kbl.jpg
297160,XX,2017.0,/drcIFTEIBnWI4G3OQt6rXOI8hf4.jpg
11148,XXY,2007.0,/zrR2w32pwI6T7HPGJoimmLOlDXF.jpg
73454,X,2011.0,/nvU6uTwSpMpitM6mnuYXb1LgxxX.jpg
15668,Xanadu,1980.0,/wVgCNOMJpffFrpkHL9E4BKD6atE.jpg
726429,Xtreme,2021.0,/cwUhVcDeMYYeu8fq5q1OPOoSbZ7.jpg
447399,X-Men: The Mutant Watch,2001.0,/4FwbuT0NJwcHGRqRc3kpTjgj0jS.jpg
32569,X: The Man with the X-Ray Eyes,1963.0,/7YMk1mtTsGYPBC8zj2Kd3K6h3g3.jpg
25834,Xtro,1982.0,/eLaGTdIHIPoIxm0mdPanmLmXDRF.jpg
324558,X-Rated: The Greatest Adult Movies of All Time,2015.0,/uYzHkzZPp84B7nHOKaJZWjyGFUL.jpg
749618,Xico's Journey,2020.0,/g8ZyfUC0THygJkVoO2J7NxsdPI5.jpg
427719,X-Rated 2: The Greatest Adult Stars of All-Time,2016.0,/dW8AzndbV7gRYtmYLPSmHscugce.jpg
26865,X the Unknown,1956.0,/bS1PSy0lDfP2EEDprGEMOJGbKOG.jpg
266061,Xenia,2014.0,/6CAAa3i9cDXkP1V0ofAY1oFfio7.jpg
50642,Xuxa and the Mystery of the Little Ugly Princess,2009.0,/4ipVaqWlr7tInbeCRiQihSwNx6k.jpg
26446,Xchange,2001.0,/awEsQWTKi0yTfzFjrNPH4BDzn7X.jpg
44587,X: The Movie,1996.0,/jTVcHIc39Yw7v5s8LU8d8qVOAR0.jpg
84751,Xuxa and the Elves,2001.0,/v69LPA006babc7fS12PT2fvEAnK.jpg
107203,Xingu,2012.0,/z41DkjNycIZ5xRMsRJRO6g06rv8.jpg
42383,XX/XY,2002.0,/Avc51Le5NQbjbzE1PVmLFdi1nVs.jpg
103376,X-Large,2011.0,/up3AylvzrVOTX7gCGQqGdLjKUew.jpg
84756,Xuxa and the Elves 2: The Road of The Fairies,2002.0,/4oGYA2HG0sYO0sTjmZA2rYUXxCo.jpg
84761,Xuxa Abracadabra,2003.0,/pu4YDeNXGWO4nRutI0aEG0TnSV6.jpg
13828,X-Cross,2007.0,/4jwEJ8M18YJ7pH9KrC5hXTRJrrz.jpg
55952,Xtro 2: The Second Encounter,1990.0,/rKAViKJOJYwcFYA7SjvTSKwxlvE.jpg
84746,Xuxa Requebra,1999.0,/qcKkU9TirmkeDVSCzb95nnCwMJ9.jpg
25639,Xenogenesis,1978.0,/80K6Yks09gmRRjLjCTdtPrjUUCK.jpg
76636,Xala,1975.0,/fe1smaFlapnToGUTwfT53MtQyah.jpg
84748,Xuxa Popstar,2000.0,/5E1fOVKODXVr60btLWX2d4mg7ju.jpg
33194,Xiu Xiu: The Sent-Down Girl,1998.0,/oWqHR7SttzSIJ5g1tr4K5gORxmH.jpg
28011,XTC Just Don't Do It,2006.0,/yCrdAWHHfRDbOyaTtpzLC8mZa5C.jpg
554364,X - The eXploited,2018.0,/ckkzYZWzFuEn9cS6KQ1eypQaSnI.jpg
82628,Xtinction: Predator X,2010.0,/gBlHqZ4Df9LGZVW35cZzK98opQO.jpg
57597,Xtro 3: Watch the Skies,1995.0,/mvJYVmHya0WuCOUb04JTKlWbZLx.jpg
691677,X-Men: First Class 35mm Special,2012.0,/rtuSk6E5RF30yM7P0mqnyDdYYl4.jpg
261824,X/Y,2014.0,/fvOTgIb5cKwr7kbZuWIq6zyfinJ.jpg
268702,Xuxa Twins,2006.0,/7FwRQwNekrNR4KOda90d6Xz5L5x.jpg
203153,XX: Beautiful Killing Machine,1996.0,/9KkJowjAktsB6uDbldmSpC4N8Yf.jpg
298298,Xuxa and The Treasure of the Lost City,2004.0,/1HgVQnNhzIrZspYVGyuvBGoNR6.jpg
47233,X2000,1998.0,/9hmiX1KGIfZTFJmgNos4EI0DxDs.jpg
489847,X&Y,2018.0,/jCz64GO53iFhHINR9mFhHyANYwX.jpg
279994,X Moor,2014.0,/eU8glOVlmhpiGrBkcmIJ4s4uInw.jpg
496863,XY Chelsea,2019.0,/vpa3T9OV5mduslVjtKZ0PCGzlEj.jpg
403580,Xuan Zang,2016.0,/d5tAP82x7Zi1cJyIB5IengQI1z0.jpg
54493,X Game,2010.0,/wUVVi3rgYwQ7hBKjozgU2RkkToL.jpg
806675,XXX,1989.0,/ktmmHhROYPvE5imFHmyddsU713p.jpg
389060,XXX,2016.0,
49105,X-Ray,1974.0,/7Kw3HaiaagTeoV2AodZ1YnySJVN.jpg
71685,Xuxinha and Guto Against the Space Monsters,2005.0,/ioRVBf9qUfUEd0ZLrOwNuVWGvUL.jpg
328024,XXX!,2011.0,/sbbIkTv9SElPH2oySL9EkgJZfsd.jpg
34390,X-Rated Ambition: The Traci Lords Story,2003.0,/dlXC7XOEIHhChiq2vBTpa0xCuIu.jpg
40643,X-15,1961.0,/khc9BTYbVvnOgdgwNQIgMRBGC4Z.jpg
325726,Xuxa Only for Little Ones,2000.0,/50nbg2qXQYYWfZrnHHKhIEKtBmm.jpg
298714,X: Past Is Present,2015.0,/cJXEhJBO81fBaisJt3qsw4RaDZG.jpg
946620,XXX,2014.0,/66spwde2E9gGzivMzJWIMUancLp.jpg
116560,XXL,2004.0,/xB3VdbdLWfdzBTcChOCbMRdVxn8.jpg
168177,Xx: Where Your Heart Should Be,2007.0,/6qaB9OSh0MGFeYtw7z7gwOOjPZh.jpg
202438,XX: Beautiful Prey,1996.0,/2x5nM0IXvYkuG8lCe3MGicdcega.jpg
238334,Xica da Silva,1976.0,/nhy28j9WkVBxDdyKqSSg716OUEM.jpg
179070,X - He's Always Watching,2013.0,
74109,X,1986.0,/mJcTXKTsEGefD3rH3gnEW6qbpsu.jpg
48244,Xcuse Me,2003.0,/7DYhOlXfYyNs4e3LufsnnuAdqs2.jpg
884016,X,2017.0,
6397,Xaver und sein außerirdischer Freund,1986.0,/3SYMG2yZAnBPivK9PSSgi8RWyt2.jpg
200741,Xena XXX: An Exquisite Films Parody,2012.0,/NZNWU2abkVPZrWUUKUau8R71qM.jpg
479892,XTC: This Is Pop,2017.0,/v1QZuTkiLiOh0cAPhtP3DXtAQN5.jpg
354305,Xuxa em Sonho de Menina,2007.0,/aUeg0mMECUPGB8zCMtcncz9Eg04.jpg
388763,Xavier,2016.0,/bSnzoWbFD1SVccfxM3KOZvAadWc.jpg
186857,X Marks the Spot,1942.0,/sBs3ymI14HRdiTNcVrMKkHvDwLn.jpg
69805,X-Treme Fighter,2004.0,/rx75XPrW63iYIaR3hYO9DlGPhNS.jpg
457697,XXXXXXX,2016.0,/vHwkMU0gKTDlg5A5kdgvcwKLtP3.jpg
143462,X Is Y,1990.0,/wtcTLXs3WphAg62XiIoXnwpmKcA.jpg
45468,XX: Beautiful Beast,1995.0,/9gGeaoRJnMvWDtSs3y53SNcq1jS.jpg
787356,X,2021.0,/zWynIwKEYOJygfnM2kv47ACPc2O.jpg
37012,XS - la peor talla,2003.0,/53VGKg8w63bfGBdg42HPTP3Y3Z3.jpg
471011,XIVth Olympiad: The Glory of Sport,1948.0,/r5rSWJsAGo0rlHiNu2VzSzzfvua.jpg
758075,X-MEN 2 - Wolverine's story,2005.0,/gucBPlIs9DpbpgRYBSEZB5Narc4.jpg
387898,X500,2016.0,/rZHPNxRe14vB8RUME1P0XgEsKUF.jpg
69173,XXXL: The John Holmes Story,2000.0,/zfS64BHTNJ5sTQpyR8QwJPFA9S8.jpg
1165736,X,2023.0,/8LdMmzzTsc7sn8QFsviaoNSEhmv.jpg
949977,X-Deal 2,2022.0,/qYy3wEFzbhiqX3SUF27Bvo1ptLn.jpg
362520,Xuxa Só para Baixinhos 3,2002.0,/7oZv24DzwUgUK9L3H6klbHaj2na.jpg
362517,Xuxa Só para Baixinhos 2,2001.0,/oWgOZ0zZ8EbrDDMK23EUJMEfFZB.jpg
163598,XL,2013.0,/1fgPOptTXpcGRxZJVhyqUm8qPGc.jpg
430609,X-Story,2016.0,
620014,Xenophobia,2019.0,/o6iCtz2uOybP5HXkjxFcW4Tfg5X.jpg
20665,X's & O's,2007.0,/phbZfaiTB8nVv2qYOjcxsjwjmhb.jpg
447133,X2 Global Webcast Highlights,2003.0,/dZzmm73gwx1R2vP6FtpANVU4jMx.jpg
208469,XX: Beautiful Weapon,1993.0,/rtpEMsPG1tkn2f2NxhikEoWFcOw.jpg
121133,X-Men: The Legend of Wolverine,2003.0,/vxt9LQHBeGmEZ9FXB3xk8Zi4rPl.jpg
71801,X,2002.0,/v4F7QeyeCEvZR8FSYITD1ftF7cM.jpg
362526,Xuxa Só para Baixinhos 6: Festa,2005.0,/b2yLippoUbR0kmzebkSH1ACDNqM.jpg
514821,Xưởng 13,2018.0,/AgtukC5R0n4TVfdfGXRSdqtgndu.jpg
153233,Xavier,1991.0,/bYBtGrfqKBJKgJpgrrn5USW3no8.jpg
274693,XX: Beautiful Hunter,1994.0,/h4xexPj9qdCND0AG9A4COX4Tn30.jpg
362525,Xuxa Só para Baixinhos 5: Circo,2004.0,/nlxLrZkQpXDl6wCgXbscRBH3yI0.jpg
447117,X-Men: Premieres Around the World,2003.0,/ydsWjdWvLhqbHsHQgN78lL3SyTX.jpg
527666,X Videos,2018.0,/59Q5ixNPM0o3TK0taNRKtz2chGf.jpg
694090,XSunami,2019.0,/e0Pl9wsPSc7AfoLUMOHIJDkuKht.jpg
653602,X,2019.0,/hFFlSZRRb9QTz3qZ9Qo1H8CUzR6.jpg
296603,X Murderer,1955.0,/k9l6xMLW9aKjEo3vEA12atccIOb.jpg
467114,XConfessions 9,2017.0,/rtdS2m1zGBavDXpePC7XlGN2NUC.jpg
589516,Xolo,2017.0,/jtacntkbT4CPhgL28PLWi7z4V84.jpg
477198,XIIa,2017.0,/pbSC0IRul04fQib0aczPQSMtphr.jpg
121980,X312 - Flight to Hell,1971.0,/kU0ZzAfG7RemhgpSdmQ5nCxI6Lf.jpg
41543,XII,2008.0,/ecz4NHYEkugc6r2wWK1KMCORjmG.jpg
112062,X-Deal,2011.0,/di1EN4HXEn4HMg0qhXuKIG4OPfC.jpg
301967,XXL,1997.0,/qoX1mULNu1blnUVx9OTOPvPnpC6.jpg
288740,Xiao Shan Going Home,1995.0,/s90u00hQAGsfPgo51YCPU5JI8OP.jpg
296483,X Imp,1999.0,/1W9Fuu4uHuHl2zBSOfguZ1zsuUo.jpg
277777,Xime,1994.0,/3ZyJ7mDJ48prZPc2ykIgAUgPLY0.jpg
897243,XXXMOG!,2021.0,/eQE24ru4rWN5wkqw9zjGvAfvvPq.jpg
381981,Xénogénèse,1981.0,/wjODQlKAtxwPm0DaTGZHCsVHsVo.jpg
1158123,XX,,/epGogT9Oo4WJ3x1cGNc4nGU8o42.jpg
433230,XIa,2015.0,/4CLrONk7tnHeuyANF6J8LTCjpi4.jpg
446337,Xoxontla,1978.0,/zswG7jQGqVFJCFNseuAymhN8pk3.jpg
37520,X: The Unheard Music,1986.0,/mkWvTmtwzkuYLy3H0BVyVNRSuPj.jpg
334673,XX: Beautiful Target,1995.0,/pM4hZ135lNM9KElOusXPgcKg0PG.jpg
556343,XX,2018.0,/aBGCdGTlOrRqmDcIKuw3wrO5OQD.jpg
369221,X-25 Reports,1960.0,/3TUq7yW5mDScKdHbmtef6Hijwxh.jpg
500855,Xiao Mei,2018.0,/m3SLGoBjhS32qsBqifnOII4ruZ5.jpg
360226,Xiao Kang,2015.0,
82843,X JAPAN - The Last Live,2002.0,/rniOe8Exj1CUVf35Qao9RdBPULu.jpg
362524,Xuxa Só para Baixinhos 4,2003.0,/8M4d4PvnM4L731vawKbBHLwkd1l.jpg
752651,Xeque-Mate,2020.0,/tmsKT3DNU7QG3Bz9BsBWLAgw9NQ.jpg
199833,Xi AVANT,2011.0,/msrtHBKQJSBl5kMdRxpbsRi6s78.jpg
220787,Xanda,2004.0,/sTvm8uNhRkFCmjmCRnihgFRUF9X.jpg
488775,X Marks the Spot,1944.0,/4XNltOtXzrAKyHXww5JetbhOSKs.jpg
68462,XMA: Xtreme Martial Arts,2003.0,/82wwovP48IFWTJlFsF36vhxLxPe.jpg
566380,Xavier Dupont de Ligonnès : dans la tête du suspect,2018.0,/oLsw38TJRvqn2STdof8wNHVb5RR.jpg
55752,X-Paroni,1964.0,/zy4LLUaGH604JwSqt2buIBXwpUu.jpg
338508,X2000: The Collected Shorts of Francois Ozon,2001.0,/B6A1GufGf98FMwKfTshq5svNZh.jpg
64045,XXX Avengers,2011.0,/7T2ifGrQna0b2c8akQZtZNybnGr.jpg
336558,XConfessions 2,2014.0,/pBfz3hg2WrgY8X1SJ6Fz4IFyrHW.jpg
362527,Xuxa Só para Baixinhos 7,2007.0,/nGJWtoHKMgfbCJJKSuFnX9CiMg3.jpg
362529,Xuxa Só para Baixinhos 8,2008.0,/orbFrOUI1Y509X4yKuoRJuy9YIn.jpg
362531,Xuxa Só para Baixinhos 9: Natal Mágico,2009.0,/jbdoMVbIYeHDUA0zw3LzV3bODHx.jpg
297358,Xenos,2013.0,/4nhZbshHRovvDkZI4zWULNuQNnk.jpg
363226,XXX Rays,2004.0,/t4tSi13YQgn2uehnzmYRf16VWXS.jpg
639342,Xingu/Terra,1981.0,/qjoJTDlms7Jxf4w5tUrbltN4lqV.jpg
658020,Xpiation,2017.0,/kLifkH9QtmZGtKy9qUvXqQ41WoF.jpg
650931,Xiangxi Legend,2019.0,/z8GpYLFLJLoj8ajtCDnq8rKlTQU.jpg
694061,X-tra Absurd,2020.0,/bGYzWNG4rnXeIuYZ7IN38hbQvRG.jpg
111635,Xerex,2003.0,/1iTEYfbSHfhJR8NaCocS3Q4yLFp.jpg
258199,XYZ,2000.0,/isZq3DUBspCbDrKZ3g1RMbWcoCT.jpg
112769,Xora,2012.0,
409947,XV en Zaachila,2003.0,/gadS7teLSmS6gBbjDkzonzk7Jiq.jpg
316287,X-Men XXX: An Axel Braun Parody,2014.0,/86rfTb1aRlFgiyiEJjkIIJV27n.jpg
798653,X,,/59EKJLoFOL5V9HUyhk0Pyim3E4v.jpg
251627,Xiongmao Monogatari TaoTao,1981.0,/t5h6gOZ5cxuPGQUR1WTXDECEhDe.jpg
263762,X,2013.0,
265467,X-Rated: The Ads They Couldn't Show,2005.0,
801502,"Xochimilco, historia de un paisaje",1989.0,
568277,X-Mess Detritus,2008.0,/ezTe0GTB7Gn9MnIeGu6BTIw3urj.jpg
104780,Xzibit: Restless Xposed,2001.0,/corTrCqoFx01blOBQWIB8zjokVe.jpg
591820,XConfessions 17,2019.0,/7EtOfhSb3MMJ742BBvLarKiLhqY.jpg
104734,Xavier Rudd: Good Spirit Live at the Enmore,2005.0,
556968,XConfessions 15,2018.0,/15ohpmK7O5w3lDNFJkxHEFlnzXs.jpg
940267,X,2016.0,/zkZkoPveVCnguZFN8NVjgV7XMQQ.jpg
753608,X As in Love,2018.0,/8FHwRdCCox78ZuqsfEXR1SmVRnC.jpg
109326,X Games 3D: The Movie,2009.0,/wbOjWzPv7RE3rEKGhlx2xQM0pjE.jpg
96704,X Japan: Art of Life 1993.12.31 Tokyo Dome,2003.0,/qBmMMSP5uQrVhht7WABMQW0l5AC.jpg
1068767,XXX,2009.0,/5lUKEWDv39Wdq0VlGua4E8QLmY9.jpg
337675,X on a Map,2009.0,
562095,Xcalibur: The Lords of Sex,2007.0,/uupg97FfhUefE4fToZdl1nFyx5u.jpg
587082,XXX Hair Salon,2017.0,/d133JbghW347UAJ5anIh1KsITY4.jpg
943232,XX,2006.0,
873745,Xander De Rycke: Uitgerust & Immuun,2021.0,/A340Kkv1x0SrBtJiMkYEqQkmVqU.jpg
583529,Xenia - Confessions of a Truck Driver,2016.0,/zn72MrtB3c5CVa7RfDVgyrI63D2.jpg
464893,XOXO,,
44404,Xtra Credit,2009.0,/yhlDaVbWh9ZLRLMhZ8bEVJTybzC.jpg
393804,X: Live in Los Angeles,2005.0,/rluZchHLjYZLcTqx6dentF6aHYF.jpg
1117371,X,,/iZVqGQHMc5BEqVhhAiKOOWztvhJ.jpg
746726,X Zone,2020.0,/vvHcqYgsW89FFDyayqlNaXWuXbk.jpg
434452,XV Beyond the Tryline,2016.0,/qQT4RtxSQ0oCLBzphbZfw4SZBMz.jpg
845856,X Equals To Prem,2022.0,/2UNlcd8xItNW1RsbyXmo1L2QiTh.jpg
425920,Xuxa Só para Baixinhos 11,2011.0,/2DJgm2pzqwDXepJgHkXebNbrps9.jpg
445508,Xiara's Song,2005.0,/qN1roVNOsSJUuSe6JqUpkGxrZve.jpg
732748,X-Manas,2017.0,/ySDvyhpjA87kuJWaHyioz08LjOh.jpg
76627,X-Rated: The Pop Videos They Tried to Ban,2004.0,
365774,XConfessions,2013.0,/sMwg5xNwDwqomyf39RJHWQCoLP3.jpg
1087518,XCalibur - The Musical Documentary: Dokyeom's Brilliant Journey,2022.0,/edf662U1MScYXMDGBydqEwUQ486.jpg
373140,Xxxtreme Daylene,2015.0,/88yLBQaktVdx4KEdJ2CXjPPDEXR.jpg
370919,XConfessions 4,2015.0,/tM3laxNZeVKG3alZlk3qIlQVRvU.jpg
370029,XConfessions 3,2014.0,/mwGnhdsi95cHEFh1CJYBiIi7djH.jpg
217938,Xtreme Limit,2004.0,/fEZYtfyOUqPCPNW3MPoGSBjaunW.jpg
217927,XX Ray,1992.0,/4LZnlDkLAPlHgPrXNbWx2TcV6Fe.jpg
491560,Xander De Rycke: Houdt Het Voor Bekeken 2016-2017,2017.0,/bRe1V0vWRfIJUoBHXxf0WKLxxGn.jpg
479809,X-Men : A Gay XXX Parody,2016.0,/mQdEGNUDDbWWmfNbngqon5CylFn.jpg
827551,X-Communication,1981.0,
820758,XXX Dark Web,2020.0,/lzOnzN1kbqWmkISwepFaTeYkGUh.jpg
378262,X. La mise en croix,1898.0,/ej1TtQ4fMg5ZcexUIajxpSQRkAo.jpg
267511,X Confident,2013.0,/8Sy7rm7sf9pRsBc3GaES1VxMtxT.jpg
627227,Xiao Xian,2019.0,/vwttg7FUcBkOWtHvyIQTslwcSyO.jpg
156413,X Marks the Spot,1931.0,/oHbpy9mqsf8ycJ0SnwvnnZTRMYZ.jpg
677838,Xochiitl tlayecouani,1999.0,
975030,X: An Omen,2001.0,/8l8aQYxRYWkauZCtFNCo2jdqmTj.jpg
690546,Ximbi Xombix,2019.0,/jLGkWXTeSbMKrXKCHfInZuu7ax7.jpg
620027,XConfessions 19,2019.0,/5kc23yCs8HbHH7BSf0zDRANHtam.jpg
1016246,Xanadu Hellfire,2022.0,/eUZffAVsjEMGCQQFafhKE5AdVdi.jpg
888117,X,2009.0,
664005,Xolomeo y Pitbulieta,2018.0,/23P0NqW4oQhCN7QnYKNq1iThiM9.jpg
675289,X-Men: Darktide,2006.0,/3yg89lKaIGw6yA7b3ps9u7YMnnH.jpg
600378,Xenolinguistics: Understanding 'Arrival',2017.0,/4WuxYUJ1UYfNjvwvVbx9nBo3NRj.jpg
605409,Xu Mao and His Daughters,1981.0,/1UnMgcF0PUJTflENxwWTZ7oYy3D.jpg
915903,Xenia,1989.0,
976637,X JAPAN RETURNS 1993.12.30 Tokyo Dome 2 Days Live,2008.0,/k5M40hflM1wfH8jsXTE9oYzQgrn.jpg
479763,XXIT,2011.0,
672723,XL Girls on Location,2014.0,/kLEVXEOWPu8PHfpKR73lRH5pvcM.jpg
493875,"Xander De Rycke: Tien jaar bezig, twee uur grappig",2015.0,/xLVNI9p2XjGpUtHI8Kh8sgE7hss.jpg
493462,Xenobites,2008.0,/hv5be9wDw9EwhYam0Y4KAP8oMRK.jpg
822777,XIII. La résurrection,1898.0,/93dwc0hzthKidIgxFgLPTNRTiEb.jpg
822769,XI. Le calvaire,1898.0,/qhArjTvwLfC0TFmYudRozUmth03.jpg
822771,XII. La mise au tombeau,1898.0,/iI92GzbB8nm35GMvKFVyfLNogbh.jpg
745549,Xian Blues,2020.0,/gAvhecXsgxSWBlxB7RIJmqZWygB.jpg
486357,X,1974.0,
486308,Xtreme Desires,1999.0,/alsdK6Hh6NdQIw0DMPw2kWrSls0.jpg
981340,Xenakis révolution - Le bâtisseur du son,2022.0,/lhtcDnkrSyaN20N7x1YsnuBLd05.jpg
1104299,XERO SUGAR,2023.0,/pUIMTopdHvVGzvuPPDq0qMMgvX9.jpg
490799,Xangadix Lives!,2017.0,/sNHNDpkGkYv7cf7m1KxnmoUCbJY.jpg
705388,Xane: The Vampire God,2020.0,/llifhvnIBIojipR8ogtucuu8xmp.jpg
488568,Xiaozhen's Story,2016.0,/2oKfVOBL3N7vLP0f9VANt7OsDXi.jpg
910322,X,2020.0,
969952,Xiaodi,2021.0,/oIMQOGaNdK13upXt8NchC23DtiN.jpg
445337,X,2015.0,/cRJupWkWvYyJklIm7SDFOP3F2o2.jpg
693823,XConfessions 22,2020.0,/bTQJ5BoDwLuUottNKTSJzpzzpBk.jpg
747360,XXX Training,2001.0,/8MYmvMgDkoNAMsqXxNBRv3QgIsA.jpg
449425,X²: Double X,1993.0,/bJO1X1hvCvwy9J2hchYj3tShRns.jpg
963876,Xodus Productions Voice A 16mm Film,2002.0,/oUHymbafIp5DwdYgYQrjdpuVDdi.jpg
765519,X-n,1992.0,
841982,Xadalu e o Jaguaretê,2019.0,/78nZVaKEjlNFNQcSt3XX4x9qzZ8.jpg
471760,XY Anatomy of a Boy,2009.0,/tGdQWkQMi4PqtsmTYQIQ63TN7w9.jpg
438720,X,,
462945,Xander De Rycke: Houdt Het Voor Bekeken 2015-2016,2016.0,/rz3OcDakOytJvJmfijEcAZgeJkI.jpg
975121,XZ3,2016.0,
562097,Xcalibur: The Lords of Sex 2,2007.0,/q3pGdTtpcFrcMgNEkkKJECtyxsJ.jpg
562100,Xcalibur: The Lords of Sex 3,2008.0,/zJBnubJhOBdPqtiiizIP9MzPbGP.jpg
1055971,Xiang Xi Jiao Fei Ji (Part II),1987.0,/iKhAGZTI6VqsvSJ3jouY3hAqoxT.jpg
1055512,Xue hun,1988.0,/eX1GTWUpH4jCbOTXANMGpF6xjB2.jpg
560556,XXX Perverted Couple Seeking Anal Virgin 11,2016.0,/cyufyTbwiBlxk5IG05iJIAqkLwa.jpg
612643,XXX Big Tit Rubdown,2018.0,/eWmSk6mREFw5NwcnOYmISHkxw6.jpg
1021588,Xlson137: Underground,2016.0,/8Tn73zRgtU2c8WZAnlurRpFIVED.jpg
1021626,Xlson137: #Xlsinyalta,2021.0,/vEbGoW2HLyX2knjwogHafgr6pe6.jpg
567246,Xander De Rycke: Houdt Het Voor Bekeken 2017-2018,2018.0,/z6aZtw9sHkvnVcWOVcJy8JnLK3p.jpg
1052382,Xia ri de qi dai,1988.0,/hBUh0oWkCPFS9XY4YVjo5jlmpw3.jpg
568873,XConfessions 16,2018.0,/2iO7JAzc6QRzZssGdZ2ATmRyYl4.jpg
569447,XXX-Fit,2018.0,/tNS6wPfQiQ3JAM9YjG5ytR87smI.jpg
611909,XXX Parodies,2018.0,/jE31jppksRX0MkjI76hf80JRqdC.jpg
793054,X,1996.0,
626832,Xabungle Graffiti,1983.0,/2THbj5tIbmdML4X1dBipyBFxu1B.jpg
946798,X-Man,2002.0,/oLoxlfZRlU3IOTyyag2GoZOqFcm.jpg
1015937,XXX's & OOO's,1994.0,/oq221f7IK6MHLjgo151QAEYHp3f.jpg
946445,XXL Cocks for Hungry Blondies,2016.0,/wL93qcF05gzCp58ktkAsMJBdwb9.jpg
556784,X,2018.0,
600833,"Xaviera Hollander, the Happy Hooker: Portrait of a Sexual Revolutionary",2008.0,
584465,XXX Kiss Kiss Kiss,2015.0,/uVhUEOrZqj1HgB42K8Vr57l3kBV.jpg
1035925,X-RATED/COLOR/ALL MALE CAST,2022.0,/7M4FZidTB6eE195X62rdcExYvq9.jpg
592669,Xvideo,2018.0,/x7jRPXumTY2oAQKlhs3cqryl5UG.jpg
597425,Xenogears 20th Anniversary Concert -The Beginning and the End-,2019.0,/A6IpWqwxH4WibxPRXO7BfY5XjXr.jpg
595302,X-Tudo,2018.0,/wdQlUlZm8DJR3dSNMalNthmS6J8.jpg
596374,XXX's Amazing First Time With A Woman - Ultimate Cherry Boy Defloration... Mio Hinata,2017.0,/viCJicREnkJkbQawVIjIkcUS3th.jpg
596505,XHU,2018.0,/wjYacVr50NJbGYPQZGROh20iHlI.jpg
596347,XXX's Amazing First Time With A Woman - Ultimate Cherry Boy Defloration... Mion Sonoda,2016.0,/yqKR6kSvIMNaTtyYRt5Q6RfvdHn.jpg
1023989,X,,
609243,XConfessions 18,2019.0,/khVQXOm2YENih6nLZ0KTu6QkFAs.jpg
581691,XuChá: O Chá da Xuxa,2017.0,/mModOE3RiyVeVfwpnXPvAkRK6Ba.jpg
1045655,XL Girls Icons,2020.0,/hvsug1e6KzipY066UE5fRC2LXC3.jpg
782095,XX: Graceful Beautiful Beast,1997.0,/eIlZbpX6bRQwIkJBrPzYnHcAKpQ.jpg
783541,Xcalibur,2019.0,/8BcbuYi7ARYRraxJKNVybKu3eEM.jpg
863586,Xombies 3D,,
989449,X27,2019.0,/sZD4Po7PE5YrQ3U1eeX89buQTGl.jpg
658077,X-Large,2019.0,/lQX9ytKR9gFkzt6eMILvjUtu0h9.jpg
656151,Xander De Rycke: Houdt Het Voor Bekeken 2018-2019,2019.0,/g1TnunHMLjSt2eUZwNSywKIJjUr.jpg
990472,Xsmall,2022.0,/6iaaIJfXMX0vQ67q1mE6FmeNSJ.jpg
508320,X,1954.0,/ioTOIC9nIsKsCiRTU7eMsk6z8mW.jpg
1092064,X,2001.0,/kIoSkOJPeKG2j886TiBY4ID1QQD.jpg
1095359,XEU The Doc,2019.0,/7OM7WvDF65yryTj7CGFhxZdQmA0.jpg
632747,XXL Monster Cocks,2018.0,/k49zuydEC5rM0qbe5O3giGqvqUy.jpg
635040,Xenia: Priestess of Night,1976.0,/2Eu3vtdWnRqBVQpEkecohOnCXJT.jpg
541408,Xian's Finest,2000.0,/vfinW3oDSRwJeUHIA6aXIWml8H.jpg
815288,X,1999.0,
814647,Xiyonat girdobi,2015.0,
642030,XIII: De 24-uurs film van Kalvijn,2019.0,/z7nc96QsKfClgRAWgM2Wno5FLnM.jpg
636648,XConfessions 20,2019.0,/wSX2APlla4GubTKk3JdPlnJZek7.jpg
637734,X Sicario Profesional,2019.0,/hAJp2ejgiUNoNLKg3fGgEYVRKZW.jpg
531414,XConfessions 11,2017.0,/2OXl34CIKP8v3AgrFRxiEvBlOrD.jpg
378913,X-Cop Girls,2000.0,
376478,X-Girl,1995.0,/ygg8JjT9LIr9J0DOM8GT4xjSNwS.jpg
1163762,Xiang Yu,2006.0,/uUN6SqEy0NhoC1OJ6Xd2eVx0lsS.jpg
316166,Xana Toc Toc to your Trolipop,2014.0,/jldkGbcdBweNWkDIbDIh7NySWnN.jpg
377510,XITE Yearmix 2015,2015.0,
382116,Xiao Jia Going Home,2007.0,/5Z1dLc6HfKXCOihF6ad9wVuNqZa.jpg
370922,XConfessions 5,2015.0,/5hGumXqr7hlHKOofBkbJoqJScVA.jpg
370170,XXX Pin-ups,2006.0,
154394,X-Ray Earth,2011.0,/s4lMk4Y7UptJJdeJvDQgglHtos1.jpg
320280,X2 Vision,2014.0,/eQfBRzqTInZbBpobU0cu9S4B3ju.jpg
256973,Xavier Naidoo: Alles kann besser werden - LIVE,2009.0,/wy0Gys7dCxiiBChQ2Jm1XazbYxt.jpg
256958,XXO,2010.0,
373820,X+,2010.0,/6ZQgSP7KoiZ3geHPpgyPygqE6q2.jpg
387910,XTFMAX Total Body Blitz,2014.0,
387909,XTFMAX Abs,2014.0,
387908,XTFMAX Stretch,2014.0,
387907,XTFMAX Long & Lean,2014.0,
387906,XTFMAX Chest & Back,2014.0,
387905,XTFMAX Legs,2014.0,
387904,XTFMAX Arms,2014.0,
387903,XTFMAX Cardio Max,2014.0,
387902,XTFMAX Definitions,2014.0,
387901,XTFMAX Hard Core,2014.0,
387900,XTFMAX Circuit Burnout,2014.0,
387896,XTFMAX Cardio,2014.0,
203129,Xtreme Ghost Killers,2009.0,
190503,Xander De Rycke: Mijn Zwarte Parade,2011.0,/8bhkl7NBvBx5pGizmri3ZH2iQfr.jpg
1175104,Xénia,,/tPTE5daZNZWe4KYXnvQvcnd8zBh.jpg
332012,X Returns,2009.0,/4lCgwGaNQflXgqVlhTNArxgtBSu.jpg
219957,X Japan - Dahlia Tour Final 1996,2002.0,/cFXiyqEzSIxR0tuoijsRF7yyPxz.jpg
217928,XX Ray II,1995.0,/uGITVUMpIwtwJJMTZRGBXCYr8J7.jpg
324974,"XY, drôle de conception",1996.0,/5Row4ddxvyrFuEzJRuVEAT07WHf.jpg
173498,Xmas Without China,2013.0,
362334,Xampy,2014.0,/5Kgl3MOJriCqyd8uQJb59usbjsB.jpg
362532,"Xuxa Só para Baixinhos 10: Baixinhos, Bichinhos e +",2010.0,/pUJUmsqA1qlvA8e6BmxQQXpkfah.jpg
247044,XPW Cold Day in Hell,2008.0,
325735,XITE Yearmix 2014,2014.0,
175542,X Girls,2000.0,/cRrGKiHyHXKde0a6QAIeK3usFnN.jpg
358723,Xanadu: Legend of Dragonslayer,1988.0,/o5mfIYkWTxic3jiW3I2SVMZnZ8K.jpg
424833,Xi Bai Po: Wang Er Xiao,2013.0,/rCLlyVBu3QpowYwCh7kEOb5ZDPS.jpg
39661,X-Girls,2007.0,/8HoWWHbRmE8IoKp2NkZ8eVLxaUL.jpg
403062,Xpress Train,2003.0,/joDKVax9CVqQAoeCILAFZgvPI5f.jpg
413491,Xiu Xiu,1995.0,/2YaHKqERCmL9D7LpDOQKxFCJ9Vw.jpg
69221,X-Ray Men from Mars,1978.0,
45654,X: The Man with the X-Ray Eyes,,
66636,Xtreme Couture Presents: Masters of MMA. Randy Couture's Wrestling for Fighting,,
1143765,XIII,2023.0,/9e7oUJgXJ0AjEYjhlciBZ8RKJRJ.jpg
295763,XXX Rated Cartoon Show,1970.0,/texAIaH3lREz4T9jjOF9uZ99Etm.jpg
414148,Xui Mà Hên,2014.0,/74uIFGytnbm2K0httqByqWFyabx.jpg
55959,Xander De Rycke: Uw Zoete 666,2010.0,/h7uZ6EyZliqC6vJsfTJdXJSEIFB.jpg
948959,Xiao cheng chun qiu,1981.0,/8dpdtbGe42XPXTrAxYxe9oKVoS0.jpg
949449,Xilma-xil,2022.0,/ddSBcl6EKLwMiD1XTfJYal2aXB8.jpg
949883,Xenosaga Episode I: Der Wille zur Macht,2005.0,/tsjrDalYkPIATjvhLReJRyAxq9O.jpg
1206841,X-Men: Days of Future Past (The Rogue Cut),,/dWzbWrvdxZfDlIrJS4QDpMU9yx9.jpg
1219232,X-Marks The Pedwalk: Go Down,,
953994,XConfessions 30,2022.0,/xCBpovMG8MPbVH1Hxrwik0DfZAf.jpg
951348,XXX Cheerleaders,2020.0,/hXRNJvtPYbcOZGgE2DJKqHBeUHR.jpg
989630,Xutos & Pontapés - Rock in Rio 2022,2022.0,/o0UFsZ1YZA8Kh01Gb9QCrl9qASI.jpg
941244,X-Mix-5: Wildstyle,1995.0,/v0QwZXBuDUPw7KYaXNxJVlVJM6p.jpg
995423,X = 10,2018.0,/it2zXEPf53KhU9RbZ03D4nQFyf9.jpg
941701,X,2022.0,/gpTaZz2Y4CBQAnn0z9GUeJqUyWW.jpg
1223923,Xander De Rycke houdt het voor bekeken 2023,,
939876,XX-20,2022.0,
947135,Xes,,/r5B2cp5R1OFuijOKRHA488Vz6NR.jpg
992913,XXV: The Enduring Vision of Albert Mohler at Southern Seminary,2018.0,
1221385,Xtra Large Lads,2011.0,/d5AhcMnNrVMaTuAf1WUI1jomy2Q.jpg
1221227,XMAS SPECIAL 2K18,2019.0,
992443,XFN 381,2022.0,/dwS5IkiuLRmm0KWrTTEcctVZn8A.jpg
944533,Xavier and Miguel,2022.0,/5dkx2nUvabuEFBFAMIhBoDsXwoI.jpg
993827,Xombieproof,,/9K1gR844IFBxho1vaAtjZ9CiUym.jpg
945293,Xander De Rycke: XDR15,2022.0,/snWzL98YZ076HwOnfBYqlgL2EiI.jpg
973548,XXX Fit Girls Orgy,2013.0,/pZCJmH6x9CTUb20jVcRURpIe42O.jpg
1214949,Xmas At The Odeon!,1982.0,
1214063,XG - 'NEW DNA' Showcase in Japan,,
982016,Xiao Lin,2022.0,/tp6tlgBABmGe8L8w3iQRGJGh6BL.jpg
1209461,XZY 01 [COMING SOON 2024],,
971811,Xiang xia ren,1989.0,/6Q8vD9uOHT1mfbwbzJAdBkNiFP7.jpg
971510,Xeon,2022.0,/kWFttUcP8Mmp9a2YXYP0Z1PH7nD.jpg
1210773,X-Men,,
1211453,X JAPAN WORLD TOUR 2017 WE ARE X  Acoustic Special Miracle,,
979098,Xocolatl,2022.0,/tTVwlgLVSRdfFmYT0J2MLCtZInl.jpg
1211313,Xuxa Só Para Baixinhos 9: Natal Mágico,,/koBMqA0MS87FyEl0KhNfqN4AvwC.jpg
978429,Xela Arias. Poeta nas marxes,2021.0,/6ACi0ojZgmEqU3pzHVUz3DLQhas.jpg
979948,X Amat: Special Blacks,2008.0,/ir68lVIiwjZMgDuA5Htv5WCoTnh.jpg
975860,XXX's Finest Fuckers,2017.0,/zCZ5VJry3P9XJ5Ar0Tb6JrxuHqu.jpg
976658,X Japan - Shiroi Yoru,2007.0,/2Yd5NHWSwpZizfd4f3xgLENi4Ae.jpg
976655,X Japan - Aoi Yoru,2007.0,/ryhed7haZVZGDGTA3I1a3rjc2BE.jpg
981309,Xie pi ai cha ren,1977.0,/7en3ZoU2lpgKkflF2rqBjhVFpvL.jpg
1210599,Xanh,,
976321,"Xiu Xiu ""This Too Shall Pass Away""",2009.0,
962499,X-Mix-1: The MFS-Trip,1993.0,/oXwTnbdNYRZHIrEFUXUh56KPSL9.jpg
961438,X-Cessive behavior,,
1218894,Xenomycology,1996.0,
1218955,XYZZY,,
958793,Xueta Island,,
965902,XXXanadu,1995.0,
985157,XAR - Obsidian Dream,2022.0,/wU6c5eae4VjYTQ9GwRuoCI4MYnV.jpg
967929,Xutaj,2022.0,/hWHUJixSCuNY2IIBw98r5hhSoj.jpg
963585,Xinantécatl,2018.0,/i2nItiR6JnLz8ioLhC5MLwXQ25B.jpg
962879,Xueiv,1982.0,/4SxbNwcp25BN0WiqsfBXRPshBx7.jpg
1217514,X-Mix-3 - Enter Digital Reality,,
964429,XPW Rebirth,2021.0,/1fqyEryHHbLt7U80kY02jnfiqkK.jpg
1238531,Xining Public Housing,2024.0,
1238481,Xoftex,,
874896,XConfessions 28,2021.0,/zUMU7B6zBIxb1d0N5Ha3pgxD39b.jpg
876703,Xantipa,1958.0,
1239805,Xigarette,,/uKGWGFEo6bwshLVqiizJgYQspN4.jpg
873188,XXX Porn,,/axK2XgrFnS2XY24iiKQDO3ZSOSF.jpg
884497,X-Ray,2021.0,
1235034,X,1983.0,/aGvOCoT5vCtrg88X5g71hGl6sTF.jpg
886952,Xiao Bei,2012.0,/7zzt81dTSi7CH6397LH5HQy5GsZ.jpg
881507,X-Mas on Fire,2020.0,/gTlk9bfKBXnVOWpEY1Wk24Zn4ZN.jpg
879299,Xenomelia,2021.0,
879318,Xiu Xiu: For The Benefit of All Living Beings,,/qy3iEFU4CJi8BtYB7oJdwfq4btB.jpg
882680,Xtreme Fight Night 374,2021.0,/bKW3S2492GMw3JUuAw7dHcXxZNv.jpg
850254,Xposed,2016.0,/25xPeA0IUnyHOClec3UgBEW33nL.jpg
1243140,Xarusell,,
846270,Xirê dos Orixás - A Festa da Natureza,,
1244042,XXX,,
864810,Xica,2019.0,/5fVLx85UKrtWunBlJZyec66TGM.jpg
1241875,XL-Recordings: The Video Chapter,,
857304,Xiao Qing Ren,1926.0,/pavIwn3joMRk2gTUc7bGEnityV6.jpg
860660,Xmas Event,2008.0,
861157,X Anniversary,2019.0,/sAYagGLqQ3UhEEG9PhvRUv1d0rZ.jpg
1241589,XChimera 11,2023.0,/tGf5hbpMB8FpnuOotpcOeNDxmcK.jpg
922409,XXX Bra Busters in the 80's 4,2013.0,/wl5bB7xfyBC6qhAVX6eJOLAYAQX.jpg
923182,X-Press Male,1997.0,/kxFaA1DmydaR6D4dIpn5iGT0nzo.jpg
921421,Xibalba,2019.0,/zxdWNLKUhMUOcnKnWm02NCCxEf6.jpg
1227035,XX Congress - Russian Nuremberg,2012.0,
1226816,Xander De Rycke houdt het voor beluisterd,,
926213,Xylomat,2018.0,/7yqVr6YSjObj3jXGtZJJKqUtAQN.jpg
924681,Xtreme Janine,1999.0,/poc2xiYu2oexIsJsaC8IAYtKJTk.jpg
1229029,X MASS,2008.0,/8j7UvzfpfU3631EIpAYVJS19iw7.jpg
1228967,Xiong Chu Mei Ban Wo Xiong Xin,,
932208,"Xiào 孝 (Anxiety, Hope and Reality)",2014.0,
1224466,XXL,,/pNtXaKgQgMzT7CDPGBOvhyld38U.jpg
936443,Xmas Eve Eve,2021.0,/9lr6oFY7QyBh8clRI4me2k9BHFT.jpg
935206,XFN 378,2022.0,/m2MJSBTGFgtb0kWD7qVmqNB7nBN.jpg
928160,XCXHXEXRXRXIXEXSX,2021.0,/nPgZ4OyRUUUnSeH7l7biP8FGop8.jpg
927853,XIX/88 4 x 8,1988.0,/zRgHaR4Xit2EL4VBkUXUGDqrGrg.jpg
928450,XVIII/85 Untergrund,1985.0,/z3Sxpy063kXoQaTVhKTKxFETC68.jpg
928446,XXII/90 Wolf-Passerelle,1990.0,/46RZR7Y4ZhoBygiU1nCzXNzAyjp.jpg
926775,XVII/85 Projektionen,1985.0,/fLk8WyyBq9C7bTHr6kIsVBFMEbS.jpg
927178,XIV/82 Filme,1982.0,/ofM5FLetzgnqDnJbJxG5Aunbg35.jpg
927179,XV/84 Vogelhaus,1984.0,/1YVr9i3nL4Ew54ggCZFqaKDE16B.jpg
927185,XVI/84 Fenster III,1984.0,/yOsol0HjCCtfpFQWr0nYqs98p3D.jpg
927189,XXVII/03 Filmmaker's afternoon,2003.0,/vn8YX4xaSvM5RlDmDSV2yitv931.jpg
1225822,X島嶼之兩門相望,1998.0,
895183,X US,2021.0,/rOTDfthUr4LkwiJwZ9uN10B04lF.jpg
897766,Xanadu,,/d9R35n3vUgJZQnqHcqcXi7VVIQK.jpg
891049,X to X,2023.0,/zhhWpP8WCsHSPGUde0t8bOKXJjx.jpg
1233953,X-Factor: ST By Weilder - Week 06,2011.0,/d0CK0s5683H43q8NkvpqeoqNHq8.jpg
1233944,X-Factor: ST By Weilder - Week 04,2011.0,/d0CK0s5683H43q8NkvpqeoqNHq8.jpg
1233947,X-Factor: ST By Weilder - Week 05,2011.0,/d0CK0s5683H43q8NkvpqeoqNHq8.jpg
1233969,X-Factor: ST By Weilder - Total-Body,2011.0,/d0CK0s5683H43q8NkvpqeoqNHq8.jpg
1233960,X-Factor: ST By Weilder - Yoga,2011.0,/d0CK0s5683H43q8NkvpqeoqNHq8.jpg
1233958,X-Factor: ST By Weilder - Abs,2011.0,/d0CK0s5683H43q8NkvpqeoqNHq8.jpg
1233957,X-Factor: ST By Weilder - Week 08,2011.0,/d0CK0s5683H43q8NkvpqeoqNHq8.jpg
1233956,X-Factor: ST By Weilder - Week 07,2011.0,/d0CK0s5683H43q8NkvpqeoqNHq8.jpg
1233962,X-Factor: ST By Weilder - Glutes & Thighs,2011.0,/d0CK0s5683H43q8NkvpqeoqNHq8.jpg
1233928,X-Factor: ST By Weilder - Week 01,2011.0,/d0CK0s5683H43q8NkvpqeoqNHq8.jpg
1233931,X-Factor: ST By Weilder - Week 02,2011.0,/d0CK0s5683H43q8NkvpqeoqNHq8.jpg
1233933,X-Factor: ST By Weilder - Week 03,2011.0,/d0CK0s5683H43q8NkvpqeoqNHq8.jpg
889722,Xeroines,2021.0,
889541,Xie Changzhong,2011.0,/fRm6g802pPPiMoIO8zUXs5p1eYJ.jpg
893743,X the Series: Anal,2005.0,/bGQOO9w5nKWEZjqTOnYWdEIzyyj.jpg
893803,XXX Pawn 2,,/2hGkRmXHGTIjYvbGs1UBgqOKhyw.jpg
912987,XXL plus supertitten,,/fymas6O5rya9MZWeIMbY0IlqWBk.jpg
911110,XConfessions 29,2021.0,/fUihRjrweIzIyVNmCwjBNOsRuO5.jpg
1229831,XXL,2024.0,
1231273,Xmas Gamble,,
1230605,Xernona Clayton: A Life In Black And White,,
903712,Xoxan,2014.0,/cNMTbNNNpJ48xWrGT8BnEfYDw3R.jpg
1095064,X - Beim Sex ist alles erlaubt,1974.0,/lL50WFozCdl7Aqg38RTT1qjr3xW.jpg
1164519,XXX 2: Predators and Prey,2001.0,/vMHo5TsH6etjhXwCZ1pBHaTrXsP.jpg
1095712,XX to XY: Fighting to Be Jake,2003.0,/nZkbotg8BP6KJj3wpzehYvRH921.jpg
1094461,Xander De Rycke: Bekend & Bescheiden,2022.0,/y98voxTbk5hSsVkiAlzYYHmQFQ7.jpg
1096684,Xamayca: Land of Water and Forest,2020.0,/kHfGBJKfgkZvVkRt1PQO3DNSZ5m.jpg
1089955,Ximeneiak,2008.0,/mvWJVR5q1kKvebMuB9438lbWNrj.jpg
1089957,Ximeneiak,,
1167204,Xue Ran Hong Chun,1998.0,
1093800,XConfessions 32,2023.0,/d9pOpLISXZrXyZizrB1jGdWnj2p.jpg
1093630,XChimera 9 - Good girls gone bad,2020.0,/uTo0lMvrRy06D3FqdEETkBZu0kc.jpg
1104023,XXX Starlets,2014.0,
1104195,Xinã Bena - New Era,2006.0,/6BmedGbr6cXCZNRiWxqQu3T3yjj.jpg
1103335,X-ray Eyes,1997.0,/oPwUjjFjGMBm5lgfkD5Gc0MJVoi.jpg
1104992,XY - Vorsicht Falle,1981.0,/fMtp7M2vUL6JOIMLIoyWotmaIjz.jpg
1099079,Xyz,,
1161781,X & Y,2021.0,/yBKiooYYAA0RF9j0sdLMRwBvdEG.jpg
1077709,Xander De Rycke: Dit Terzijde,2023.0,/ge9N5kgkA7c5KqXaK1I9Lbwu8J8.jpg
1077584,XTC: Live at PopKaravaan,1980.0,
1076181,Xiaohui and His Cows,2023.0,/wLzUuniLUhWirWOagWhjusNr6kP.jpg
1173537,"Xie Xie, Ollie",2023.0,/gBwnm4v5V5W3RTLcUktk0bOGvd1.jpg
1171759,XXX Shades 2,2018.0,/oTYkV4KF7nGtiFJiZudEWb5Gqa9.jpg
1079988,XOXO (SH*TTY 90s REMIX),2021.0,/kTvfMzFG35fvZTutjWXhQtCeYP3.jpg
1079668,Xamã Punk,2022.0,
1078016,Xalima la plume,2004.0,/mbIy50pLgLjt4leHzIxj9bHtoEc.jpg
1072206,XXL NAZARE: Scooby Facing His Biggest Fears | RISK VS REWARD,2021.0,/9qLmI8SSwJUXX3BqCtKXdgszHnm.jpg
1072266,XXY,,
1071379,Xavana: The Island of Love,1981.0,/qXSdl1H1luf792IMZHg86fusA0H.jpg
1175449,Xiao Hua De Chao Ji Bao Biao Zhi Wu Ji Jue,2016.0,
1071231,Xia Ri Shi Guang,,/vWGo5OgAsz3jmKSBpIcbqYlROEb.jpg
1175376,Xin Gui Da Gui,2016.0,
1075382,Xidai: A Film from the Far East,1986.0,
1168650,Xmance,2023.0,/w1AQHbyIKE9IrksHlWCQZ3kxkru.jpg
1169299,X File: Repentance,2004.0,
1167920,Xiaoshimei's Strategy Guide for Winning Her Shijie's Heart,2021.0,/nHhrWE0zxxv2fCdmcLrkcUUOHoh.jpg
1087387,XXX Shades 9,2018.0,
1087211,XX+XY,2022.0,/szhT9Vngx6uOOQRvvYeM15bfI16.jpg
1168587,XXOX,1974.0,
1168097,X Finds Out His Value,2008.0,/kKwT0K5aaaIIi4moYJUAkmwC8kN.jpg
1169878,Xin yi dai jie ban ren zhi sha lu jiang hu,2004.0,
1084847,XXX Factor,2004.0,/eijxKXWCmO4BF5bgS6LeZPeaaSq.jpg
1083439,XIII. Století – Gothic Necronomicon,1997.0,
1145740,X MILITARY,2023.0,/rBMgaRqsg7zJlHYEhXVD67JziFq.jpg
1129327,Xulduburnoldur,2009.0,/848qayfryB51aeM2Z1vBrKuhWuU.jpg
1127707,X Knight Escape From Warp Hell,2023.0,/86tIa6NnQwYMMFNAIP6Sknss6Wy.jpg
1130783,X - 1,1997.0,
1145351,XXX-MAS,,/9YxTzFXys4OXam5HBIIveoqDksl.jpg
1145083,Xavier Sibley:  Filthy French Fucker,2019.0,/wfS1Tk8WGaH3nlsXHqtaFSKaepU.jpg
1148387,Xidu,1985.0,
1123764,XXX Shades 7,2019.0,/gIXwWudR4yuyj7FkfGgb5Pzhmnz.jpg
1149522,Xenophobia,2008.0,
1127037,Xiao-Yeah,1982.0,
1147139,XConfessions 33,2023.0,/l2VyuzgyGdoNk3Jvi3sY9BkEm2K.jpg
1126123,XB-21,2021.0,
1135638,X-Deal Behind The Scenes,2022.0,/65ZuIUn5eNiYkEIoiDu8AQ6Z5Zv.jpg
1138916,Xavier de Maistre und die Harfe,2020.0,
1140052,X Marks The Spot,2023.0,/hoQcjOQVQ7lQSQoqonUNnOYoc1v.jpg
1140033,X-Man vs Kuchisake-onna,2011.0,
1135013,Xmas Excess: Parents Splash the Cash,2016.0,/699AxaR6PLpXsExo9OmJPn6YbhT.jpg
1135087,Xtremeplace Demo Disc 8,,/wGLPUd48W5lIwBgYTBf8t6ZqVGG.jpg
1135126,XXL Cocks for Twinks,2017.0,/thWEp5PuuttUH2I8lX2NZwxD3EB.jpg
1142406,Xitlacua Cualli,2023.0,/kuZVHMwYBb1YFw5NIDXeML8X2cW.jpg
1143211,Xterminator and the AI Apocalypse,2023.0,/fSsZfca61sA4NL582jhZ1QVarCJ.jpg
1134575,X STORIES,2009.0,/kXnqvomDrjAj47Aztw5Url9OR8p.jpg
1112332,XAVIER JANSÀ. A LA RECERCA DE LA PROFUNDITAT,,
1155850,Xtacism,2005.0,/koQyUThEGDU4LhhYRkR3T5PkSQ4.jpg
1108863,XX (Doble equis),,
1107028,Xing Lin Chun Nuan,1992.0,/jsg1BlrICE1IV5o7vYfAVuGDX5Q.jpg
1106616,Xuôi dòng sông Hậu,2020.0,
1158742,X-Rated Game Night,2023.0,/lfvXpNfm9fFJk9zQB4JxuelHzM1.jpg
1110023,Xscape Documentary,2014.0,/sJNZesvMw0uqwUk60crq3todPaf.jpg
1157646,Xiao Tai Ji,2004.0,
1157756,XD,,/q3t99rgFSwQuQxa1ehyYMKZNWgQ.jpg
1120948,Xiuhtecuhtli,2023.0,/bpA8K8VQOC0DAdmFL4nd4AgypO4.jpg
1151747,Xilingol Is Always In My Dream,2019.0,/nCwmqtXDo17EZkUFI9TLzNtw3Ss.jpg
1150806,Xoris Malli kai Gnosi,,
1117065,Xu Mao he ta de nü er men,1981.0,/mC9t3gnS0gQ403ZIBocSYYnvFLk.jpg
1154638,Xingu: Land Of No Shame,2002.0,/4i5Wdx0ksddbyOIQI7UN83dDguN.jpg
1152198,Xian Fu Ren Zhi Hao Qi Ying Feng,2017.0,
1119377,Xeno,,
1022088,XUE‘S INVESTIGATION,2022.0,
1195697,X-MEN Faites confiance à certains... Craignez les autres,,
1020876,XI HAI CITY,2007.0,/1KMsdcRFnYCzpr4abCSSLWxPcS.jpg
1021102,Xatastujut Tekit: Tiempo De Trabajo,2022.0,/lP9Q4yj9QhdJY2WJfvXMois7QOH.jpg
1022987,Xi Xing Ji 2 : The Fantasy Cave,2022.0,/qdmMYcoAKVBjxxBUAPXrerDtKZO.jpg
1196643,Xuxa 10 Anos,1996.0,/ycOxyBxzbD6hQWxAzyR4dAjrWZD.jpg
1019204,Xalé,2023.0,/hGJAX4MeXkVac6FC3STwnw91db5.jpg
1191954,XOXO,2023.0,/dpzlUPkKvIGD1irYsCIOc3daVnx.jpg
1032244,X sempre assenti,2022.0,/uxQ5s0MDJ6qu7bX7q0XtA8m2sV8.jpg
1193789,Xia Xue & Wei An: Miss You Always,2016.0,/cRy7cxhmu4SBvttkztOYYhgw3zf.jpg
1026929,X The Series 2- Anal,2005.0,
1193668,Xtemplar,2023.0,/tJLQimNoBaBkmWHzi4vJaSj6sHW.jpg
1025057,XUE‘S INVESTIGATION,2022.0,/jVOTrzK1Svxz5wfOr3vpR6AQ06N.jpg
1202955,Xabûr,,
1003426,Ximen Family,1989.0,/4QIXGIo6xJcyPm2uOquVFuPr1sZ.jpg
1203219,X-Cross,,
1002715,X14,2022.0,/qvS47dDPyjR1rdyTVS7AqWw79j6.jpg
998286,XXX Pawn 3,2019.0,
997032,XPervo 1,2020.0,/mmTy8gYNIafF3sjdluzmmrp9Mug.jpg
1000958,Xue shu qing,1985.0,/8N4w4YuzsbjdBCgYnnAqEhmHLpW.jpg
1001501,XXX Motel,2004.0,/1xBPrYw3ukfq9faCRL0LPRlcixx.jpg
999258,XConfessions 31,2022.0,/r3agsSnKwwZQrMRv7JsMTHAkbrU.jpg
1199379,X-Men 1.5,,
1199430,XL Underdogs - Pissed on and fucked hard,,
1199937,Xenobot,,
1011158,XF-07,,
1199758,XLarge,,
1011842,X-Chat@Boys,2002.0,/tRPZNbu2l4ivstwJLWSBAUB0ciF.jpg
1198715,Xini,2023.0,
1015587,Xposed Ebony Amateurs,2016.0,/x09eOZrhAbte8nWDzUIreXp7hW9.jpg
1015480,Xabi: A Phantasmagoric Adventure,,/dF8ZWeMemzaogdB5WJImgUIZnCE.jpg
1201686,XTC-001: Kid for today,2023.0,/i4U0Hgrw4T2PXp3xjGLoAjiZVpU.jpg
1201606,XConfessions 34,2023.0,/gdDArV8rtw8h0cwPSNjKahCmXli.jpg
1200294,X,1976.0,
1009684,XXX Shades 6,2019.0,
1009685,XXX Shades 10,2020.0,
1058666,Xanta Anista,,
1056521,Xiang yang yuan de gu shi,1974.0,/ekMT2x0V6zmCkxoSVtt0Kdu6bg7.jpg
1180863,X Factor: The Next Generation,1991.0,/vsomKMsHS6suPrBilhBx0yu3lNJ.jpg
1180951,X-Day: The Invasion of Japan,,
1060845,Xing fu zai ni shen bian,1984.0,/h1KuyTOdJ7F9V5ZkBjDbl3fFUkM.jpg
1179678,X Knight,2019.0,/mb27aNGHscAymQhDvZNyDh1ISMX.jpg
1059145,Xing,2017.0,/8TrK7CPXao5kP4bR6Ifhm5h8nxh.jpg
1059597,Xiang min,1986.0,/jY45ADPdeGjO1UnxtylH6cX8ogS.jpg
1053050,Xibalbá,2021.0,/jwBhTXnb94G1nCIDpURN4uSqUOm.jpg
1051808,Xi fu men de xin shi,1983.0,/hFnAOm61ETeXoyKNj3FQ1guNtFy.jpg
1055509,Xue jian Jialaman,1988.0,/13cmrqVwkFpF3T8lD0i2JouB5f1.jpg
1181421,X Trillion,2023.0,/2PX5ymJPqdNL4AzawWv1d5bPflp.jpg
1181635,XYZ,1986.0,
1068154,XXXmas Holiday Fucks,2022.0,/g58YIaAd0VfLvqfqwvKIEul52xZ.jpg
1176254,XTC: The Road to Oranges & Lemons,1989.0,/vs0gIQystQJqOWzUYDJwBkjzka7.jpg
1068616,XXX Trophy Wives,2022.0,/d19v8BG7gtDqrbMuR9naOubfcM1.jpg
1069472,XV-802 Haruka Ito Tried To Insert Into The Situation Not Afford A Voice,2009.0,/cGhAeB6RinvtnY6TTY2eLrqggkk.jpg
1063342,XXX Fashion Show,2022.0,/2KOenvLYt8fMkUwitjok3smhQd2.jpg
1061890,Xenolith Atlas,2022.0,/teyTmawVQFtyaHSmuzFADnk0MaX.jpg
1062668,Xnuffet,2010.0,/rq3DI1OsNOPcLv9Be6fieX6EKVk.jpg
1062212,XXI - O'Day,2016.0,
1065264,Xiao zai qin dao ji,1988.0,/m4bPhRNxqgROr0uQL1lXLdcWqFG.jpg
1065640,Xian yi fan,1985.0,/uan8xXWBPClmTUlImkScW3byAQl.jpg
1065663,Xing qie da shi,1988.0,/t0VrbYeIdUFcmvuH9ANd77uavRu.jpg
1064434,X'es Mark the Hole,2017.0,/qKpAL8sfCEZuBg6FO07QuwiCCpW.jpg
1064100,Xejuyup más que un club de fútbol,2022.0,/wtwYLyr0WPUubS1I6FjHXSJtvRq.jpg
1039790,Xavier,2022.0,/7HGCvzOXl2yj2LzSGS3Umu92C56.jpg
1188172,Xeque-Mate,2024.0,/fKq2SYvcuiDHzsccmgBZMD3bAUd.jpg
1187148,XXL Hammered,2016.0,/pvpzfC7CzWr4nqVlz0VEH5gUZGS.jpg
1041683,XWA vs. EVE WrestleFriends Equal Fights! 2: Every Loser Wins,2018.0,
1036234,Xmas Story,2012.0,/sUqke2rv43I7SkAOVhVntkg8ZCa.jpg
1189998,Xavante - O Centenário Rubro-negro,2012.0,/juHffqSZ1eNKSaF0UoA4sAsEadL.jpg
1038497,XING,,/znM2Eipyl8Xic5hGRM0ZLwdRYca.jpg
1036647,Xicu'l toperu,1994.0,/IMkmlyJjkQJpZj5LXYeuzueVP6.jpg
1049575,Xiao Ci Wei Zou Ming Qu,1983.0,/o5mhx2kiWBCi0IyOKLQf7vBpbNh.jpg
1050998,Xmas Hold 'Em,2018.0,
1049606,Xue yu huo de xi li,1979.0,/bxAaboEYd9NHV8cdBPG5WHCJIfT.jpg
1050205,Xiong ji,1977.0,/d3bCgdLt4wRC60DhWaa4CUzAQkg.jpg
1050174,Xabi: A Phantasmagoric Adventure,,
1185824,Xia Fan Da,2017.0,
1043481,XSTASY,1986.0,/6q5kSIDwVY61Ecq3vVza7Br7PHP.jpg
1186765,Xochimilco,,
1186492,Xuxa Festa: Ao Vivo,2008.0,/etb21BuwZy8wrPUgmyOCOimAgq5.jpg
1043655,Xiang Si,1985.0,/Atk7W1aafeLqQMRNoJQLmR5crml.jpg
1185123,X-Scape,,
1045202,X-Crucior,,
1046215,XXX Purzels Junge Madchen 5,2015.0,/jUkvAukP27KUP83BIOmbber9Sbz.jpg
459359,X/78 Rheinhafen,1978.0,/qnButRFErHAblw2zkAmJWFx6oso.jpg
459357,XX/88 Pelczyn,1988.0,/r0UAm1BB1MxwyYqFEqIgagzgZ6B.jpg
465693,X-ray,1975.0,/ybhXA4iTBBRpqnRLvOeudVBTE5p.jpg
460950,X-STRIA1,2013.0,/un6ds1O2kabHTrL5EMjM0ySkqMY.jpg
460951,X-STRIA2,2013.0,
460941,Xtreme Sightings,2013.0,
460454,Xana Toc Toc ao Vivo,2016.0,/Tk00svZU80Avy5oPD2VqFP3NRQ.jpg
462618,Xenoi,2016.0,/dlpD6o6hdVhW7gdJEOj5LLhrJCM.jpg
462537,"Xantolo, fiesta de la muerte",1973.0,/R9QVAkeF7RaSeEimeBWS7H1SBp.jpg
447063,Xetá,2010.0,/4qy73rEC8is7Ux4LssD7nUbWSRk.jpg
452320,Xtreme Hip Hop with Phil,,
452614,Xiu Xiu presjents: What's Your Problem,2008.0,
481477,Xuan Feng La Mei,2017.0,
479696,X JAPAN RETURNS 1993.12.31 Tokyo Dome 2 Days Live,2008.0,/u1GQGqHJMFGpprSF2wDyk0Wdd9x.jpg
484694,Xiaoming & His Friends,2016.0,/6T6Zwiu3RfTxwxVXVipiaguO2Dj.jpg
470232,XY Chromosome Project,2007.0,/9Docg7NQPU53O7WzKzQitSBqyqH.jpg
474925,Xana Toc Toc na Selva,2017.0,/catEh0GkNN5jsSFl4yu0lr5eKf7.jpg
475391,Xana,2017.0,/8zyrYKlvWm4yCQWM4BIYKDSq0M5.jpg
407523,"XYZ, the City Hunter",2015.0,
417596,Xale,2016.0,/1QP0bQeowmdP8DQA1KIFg04KayR.jpg
417598,Xapiri,2016.0,/af0IPOLYN0hgBRPZGSNtp8YhFVW.jpg
417169,X Game 2,2012.0,/8qdevy6AXrPNPhfdzJs3IDV59Hj.jpg
396056,Xingu Cariri Caruaru Carioca,2016.0,/3zEVyNtz5AHYLRyDgC0cetmbYA1.jpg
434727,Xavier Naidoo - Nicht von dieser Welt,,/2oGr57fv4X6H3iJ06D1azfqYcSp.jpg
435914,XConfessions 8,2016.0,/y7gpQoqbnwHaxW4dQ9PHu5XeXeI.jpg
421440,XCom 2  2016,,
421370,Xamou,2017.0,/ve5iGWSpjmMovvTYOLhWVCEzFYL.jpg
420587,XConfessions 7,2016.0,/gDx96YfQUxR1V86rPzj9VYF12pX.jpg
430055,XuWei At This Moment Live in Beijing 2015,2015.0,/5K4VQzmFZveGJNnZLGU0NIHTw2X.jpg
424930,X chiama Y,1967.0,
426622,Xenova,,
540243,X-Ray Spex: Live at the Roundhouse London,2009.0,/esvYeaTbZckSNLzKJnydj0Ea5GK.jpg
541672,XConfessions 13,2018.0,/fXLF8Hy7ticNSoARj6i5YyxBgoe.jpg
541674,XConfessions 14,2018.0,/glu6hqCYDDlQzrAuPrCRQicAW32.jpg
537570,Xavier Corberó: Portrait of an Artist in Winter,2017.0,
544612,Xu Bing: Phoenix,2013.0,/cHHXJ3Pc8nQ1zV7UCqIDpdwcH37.jpg
543998,Xploring Xtro,2018.0,/cFDjUsPvExBiUcZ1a4hJbaZxlmA.jpg
543347,"Xavante: Memória, Cultura e Resistência",,
530502,Xoşbəxtlik Qayğıları,1976.0,/4byrcFSiVjUR7KogiB3DhnGWjOO.jpg
532056,Xian,2017.0,/95jckLzkK1Ue6uYA6CsNYaCUBro.jpg
531437,XConfessions 12,2017.0,/3QXnq7RkzZLMm9HqUAVDjk59MDY.jpg
527914,XCTRY,2018.0,/iVz8wKwaprtaz30ZjD7slkJixpB.jpg
535884,Xander's World Tour,2018.0,/ckoTmh3PGQ3hD4TsoJqLJ6oIGPl.jpg
534697,Xana and Dax: When Opposites Attract,2005.0,/ycnyCnOCksTPvz1ovJkrEONyv2V.jpg
557211,XXX Trek: The Man Eater,1999.0,/zbfYASaYZUKomcws2OAx3YaXTIi.jpg
563084,X-Ray of a Killer,1965.0,/v6qrABYbFWhJFPYDWb305HtAMFw.jpg
563053,Xzibit - Weapons of Mass Destruction,2004.0,/xe3y5ZKtLMs76Ume8rVvGtnFMkM.jpg
561649,X Marks the Spot,2005.0,/x8CAkv1ERl7JmbaUsDjFhCimEsg.jpg
554613,XLarge,1998.0,/v7cYKZfmfW6xuHkdozXLcE7NSnG.jpg
554045,Xavier,2006.0,/8RIQMFP1FteqDdZO43585ioBFhA.jpg
553412,XYX,2018.0,/8PADi6VuCLPxKnWOHdLBjGMjmwV.jpg
500817,XXX Trek: The Final Orgasm,1999.0,/71gUmdYQU8CbWV5apwSmAw6F3c3.jpg
506530,XI. La Force,2013.0,/p5fzIq4XFaTW9QWzYNKMEGdYAq9.jpg
492303,XConfessions 10,2017.0,/yuYWf36nyIXgwEMHsRlNMXpxVNZ.jpg
491790,Xun,2017.0,/cGCLhEkfB7Jy2Jngog796BXcURX.jpg
496653,XXX Amsterdam,,
497878,Xia Aimei,2012.0,/pWQRjbpryDRUy32A8okTcWaTeUy.jpg
493903,XYZtopia,2013.0,
494216,Xtro 4.,,/p38VzirabOFxCxqhkKsqGAw95Xg.jpg
522731,XOXO Joanna Angel,2008.0,/ctqJxIzmYhhtI0KPyPsE9kUZStc.jpg
521893,Xóm Trọ 3D,2017.0,/mWWsstX1Rpf20FMOFFRkpbMW9y3.jpg
525971,Xatirələr Sahili,1972.0,
526863,Xscape,2009.0,/oNj9GNu4HzPIjWBTiBmEQFuNIus.jpg
523768,"X Mal Deutschland: Live at Schlachthof, Bremen 13/10/85",1985.0,
517921,Xanh,2017.0,/qk8EMuNrcBlRMU0NJbqKvAbwPzm.jpg
271442,Xew Xew,1982.0,/hOPc2DhXTFzyaTuVfBSfMVZ6dLc.jpg
227745,Xico Stockinger,2012.0,
229718,XJ-1,,
254338,Xilitla,,
247219,XPW: Baptized in Blood,2000.0,
247335,Xavier Naidoo - Weihnachtskonzert,2010.0,
247048,XPW: Freefall,2002.0,
245764,Xavier Naidoo - Alles Gute vor uns,2003.0,
275823,XPW Go Funk Yourself,2000.0,/jM2M61DuZEFqzYVWRrgRvjHyYrZ.jpg
278354,XPW: The Revolution Will Be Televised!,2001.0,/hdJOVhj4Yip01hwmSLUZT7YuSl2.jpg
278437,XXXY,2000.0,/2sORLjpwB5VSiExmccwHwwVpQrG.jpg
275190,X-Trial World Championship Review 2011,2011.0,
83560,Xana Toc Toc,2011.0,/bgXbOCctlQfexHIjUOp06GCeuNY.jpg
126396,XCU: Extreme Close Up,2001.0,/3f9IRY5USetkcEEPHoguU9Abwsd.jpg
124458,X-Factor Presents All Twisted and Pucked Up,2004.0,/6aBSmueHwZtW1dZuTTgmRLWYkyL.jpg
133740,X-Rated Ambition: The Traci Lords Story,2003.0,
113977,Xutos Live in Restelo,2009.0,
113982,Xutos ao Vivo no Rock in Rio 2010,2010.0,
116464,X: Janda-Jandaku Gangster,2012.0,
28949,Xeline,2004.0,
30894,XXX Super-Stars: Vivian Schmitt,2020.0,/7RCKwUweB3a32QsFnwSnebd5gjr.jpg
74028,XPW: Hostile Takeover,2003.0,
198150,X Prize Cars: Accelerating the Future,2010.0,/c5DWjhHRPVKTWxzRM9qupMLahSW.jpg
200681,Xutos e Pontapés - Ao Vivo No Pavilhão Atlântico,2005.0,
207216,X-Mix: Fast Forward and Rewind,1998.0,
207261,X-Mix-7: Electro Boogie,1997.0,
150841,Xana Toc Toc a festa é nossa,2012.0,/w1BfmC5KnXBw8AU08PNcH5pCPNl.jpg
163746,Xavier Naidoo und Freunde - Sing um dein Leben,2011.0,
164348,X-Rated: The Films That Shocked Britain,2004.0,
357785,X Nana/Subroutine,2004.0,
354932,Xana Toc Toc na Aldeia Colorida,2013.0,/jZvTmUc9WEF0vEE2GqwA2zSN9VO.jpg
356817,Xavier Rudd live at LEAF Spring,2015.0,
355794,Xavier Rudd - Live,2013.0,
364355,XOI,2007.0,
360274,Xander De Rycke: His third show,2014.0,/e6yjpIfFvZHz6Pjb2LBZ1nWXp61.jpg
346018,Xutos & Pontapés: 35 Anos ao Vivo,2014.0,/4eDRm36ABUTF4RnsELLaHRMIfCr.jpg
345282,Xercise,2003.0,
342297,XYZ Double Feature,,
351181,X Confessions vol. 3,,
352811,Xenoa 2: Clash of the Bloods,2012.0,
352743,Xenoa,2007.0,
385352,XConfessions 6,2016.0,/40BTwHtMsrdHRA5mn6Df4Rr9skF.jpg
381140,XXL: Double Extra Large,2009.0,/tOGOp2RutAXVCoYYWu2r7DLXscS.jpg
380850,Xoanon,1994.0,/6TEGv5XVmOsV50TNQnVFjnXh76B.jpg
367595,X-ersize #1,,
373948,X-TRACTS,1975.0,
375506,Xavier Naidoo - Dieser Weg,2015.0,/qnJDN8xgIIWKaITmgT8j3if8kV5.jpg
375545,Xutos & Pontapés - Rock In Rio 2014,2014.0,
311888,Xtreme Skateboarding: Time Machine,,
310242,Xtreme Skateboarding: Time Machine IV,,
309631,Xotic Xtreme: Rush Zone: Hawaii,,
316923,X = TeN,2004.0,/baaUuZF9Q7WoqbHonyrFfiwkGZx.jpg
299248,X Japan - Best,2004.0,
305296,Xilitla,2010.0,
338617,"X, Y",2004.0,/siunYYJMzDEgsmn78RTHSaVy0Fo.jpg
322657,Xia Dao Zhi Zhun,2013.0,
318200,Xtracurricular,2003.0,
319742,"XPW: Damage, Inc.",,
323827,Xpress Yourself,2014.0,
325456,Xanakis [a]live!,2007.0,
324763,X- The Last Moment,2011.0,/oXoG03KUlMZkzFMKJIehSSZSUJx.jpg
756287,XConfessions 24,2020.0,/hAIozAjYAmi4YjmtxErJDVG0fWR.jpg
755402,XXX+18,,
752492,Xylem,2019.0,
758579,Xizang de youhuo,1988.0,
746197,X Dreams,1992.0,/gA5ghmZwaZUhuuggY3wXaCutZm4.jpg
746202,X-Tales,1995.0,
745776,XTV,1986.0,/fb3XHVdGEszeMBrFyb69HvBUnYL.jpg
745082,X-Rated Bloopers Outtakes & Embarassing Moments,1985.0,
751568,Xupapoynãg,2011.0,/mFpxqruX1hSlKmduwCkpZlEG4gm.jpg
748632,Xtreme Sports,,/ydzaHOIm8r6MwnDY4cUJCdptVON.jpg
749524,XX Virus,,
771227,X-Bilder,1968.0,/z0blO9fX1BugQn9bpja3wNEEVVz.jpg
773310,X-Men - Der Kampf geht weiter,2003.0,/xo5vF7pxtIvVi0vII5DamPoqMel.jpg
770293,XXX Fucktory: The Auditions,2014.0,/2rKxYrcbAlbzUDXihzi5bnaYV4W.jpg
775894,X Way Vision,1992.0,/1DzFRMhaj5muLYs2aWvD0rqoE31.jpg
776841,Xmas 1986,1986.0,/gvwFIuBahEfS8WaT7SV0WlfltQr.jpg
775225,XL Cocks Fuck Deeper,2011.0,/rREipFhHlwRnlyK3M6BeXOuSNky.jpg
775337,X-Coração,2007.0,/5A9XQGkYtJy2rBUUJmdSr8qYlUZ.jpg
764421,Xiao Ru,,
761297,Xtrems,2009.0,/pXtH3U3AFTPNBTrUvemjQncIQTm.jpg
760954,XXXtreme Fun,2019.0,/36etTFcmoUxx6lTgJxO09s8zRvG.jpg
767647,Xtreme Sex Party,2016.0,/hBRfaZCzmyp7cIVp8g77tJkyaFK.jpg
765514,Xanthopsie,1983.0,
765515,Xéoparasitisme:1,1982.0,
765395,Xérophile,1985.0,/cQESVV8Yz1WqfeqxzV9wlfy79Lu.jpg
765396,Xérophtalmie,1984.0,/5wx5gUIqOZB3EuMUoTW7CuLuf7P.jpg
720772,XConfessions 23,2020.0,/xF74zVrNMKwMPPZEmpPJupSnKc8.jpg
724998,Xuxa Só para Baixinhos 13: ABC do XSPB,2016.0,/9fUX9xZnGfUXGolZdVYICDK1g6r.jpg
722742,XXX DP Redemption,2020.0,/qQSRjDWkMMaJW1Sq9IiVp1wQj59.jpg
723237,XXXtasy: Two Days in the Life of a Saint,1993.0,/4g7mzjj7esngLUPpjHQHBvNP18u.jpg
723033,Xerces Blau,2019.0,/hFEAtYsuxLI4tOIa11xQOqR5Z7v.jpg
712734,X-15: The Edge of Space,2006.0,/eabLw4unxHVYiQYTaPA4W22CSwe.jpg
709644,Xue qiu,1994.0,/oIEz4j9K4jK1r63amIJsm239zy3.jpg
711139,XXX Superstars - Manu Magnum,2020.0,/bVZQlQ66e7qyGKr68Hcy9YhcjR7.jpg
711425,Xulia,2019.0,/625u0i2kh0lsq5mFvidFMWuYghR.jpg
715215,X.Y.U.,2019.0,/9c3d5o4mZhbfI2SorOLpoEqi4je.jpg
738113,Xtermination,2021.0,/y1a8j8YKz2AsBykCS1EyuPYXsAF.jpg
737530,Xüsusi təyinatlı İbad,2016.0,/a1tFt7GjKWwOc4SAIrouG6fvHga.jpg
743251,X-Rated Bloopers II,1991.0,/crjRRB9n6zk1oNMpJ15DzNBiWyG.jpg
740014,X-Factor's Greatest Bits,2002.0,/u2VTSDVjYSe3fd2TLRsDTXpiUiP.jpg
740739,Xuxa: O Show (Ao Vivo),2006.0,/tdoKNmEM0Hlu4rLTTZudfuwSkR3.jpg
740740,Xuxa 20 Anos,2006.0,/Ar20ryJM4gWZmL9q5NcKbsxmaRA.jpg
740742,Xuxa Solamente para Bajitos,2005.0,
728766,Xu Haidong in Battle of Chendian,2009.0,/svJdCEVWgz7kZH9uguB68OexDLL.jpg
728762,Xiao Feng in Battle of Chenzhuang,2008.0,/7s40mwccE6E4xznuVNpxigxLWNp.jpg
728876,X is for XXL,2012.0,/97WjMJ4YNQ2C2KMMHdmz8izfoVR.jpg
728763,Xiao Hua Cross Shandong and Hebei War Zone,2009.0,/cIH7tpZcB8xxos1iZLg7Z2D7rFA.jpg
730833,XXX-Tra Large,,/rN2TdNQ3rAJA3SPEqhqaGEu8g44.jpg
734098,X Tutto Questo Tempo,2018.0,/b0xeimN1wT8ygvWTgK9E7rnXgvF.jpg
732143,Xuantian Fengyun,2020.0,/1Da6IErynYsHhLPWnQejoSGFP3B.jpg
826892,"XOXO, From The Maine",,/hdLY4BRpL52HZFaKELi2C2FwqD1.jpg
827676,XXX Purzels Junge Madchen 34,2017.0,/o28kmXt0eilIhZ5Xasd9SVFmFn4.jpg
825540,Xander De Rycke - Houdt Het Voor Bekeken - Covid-19,2021.0,/h9icRETUDiSlXCtphR6TUOkVwLt.jpg
816221,X: The Baby Cinema,1992.0,/rcx4fNBCUuZpOaPVxhpKOZj7fbT.jpg
814584,XII844,2016.0,/nbN3L8Oet1i4vFFEMKZEXi1HJjT.jpg
814390,XYXX Mosaic Identity,2013.0,/x37UgVI4EdavzO5vyihs5ZyM6j7.jpg
814720,Xaréu,1954.0,/8L3OFH9rQYfonWHVFhx0mR5IMTA.jpg
813099,X-Isles,1997.0,/bFCeqPSnPIUcaDRPyCXhJi4M2JR.jpg
812885,X-Rayed Camera,2014.0,/kG7B8Qa7kp9KygzMYVG9iY6Dl72.jpg
818344,Xiling Snow,2007.0,
818059,Xianglin Sao,1948.0,
840120,XXX Cop Diary,2009.0,/u4iHvOICtGNopOPY3e7y9DgASxZ.jpg
838000,XXX Passion,2005.0,/2MoSxmjSq5yd7Y7GKrQ7kt8H9pj.jpg
842985,XFN 371,2021.0,/gbvn7UpBWrOOnjFrjWpTJ6PF6hi.jpg
843228,Xia dao lu ping,1989.0,/btAU6CHLitZXCpPJfnodr8TOeRs.jpg
844847,Xeque não mate o professor,2021.0,
844015,X-Rated,1994.0,/jDmJtNqSrrGTOXfq2TRL4yPpRU3.jpg
842144,XConfessions 27,2021.0,/bSTPxPfR2vkNWlhlnHBkUugtA3J.jpg
831518,XTC at the Manor,1980.0,/ljvSEb0JxXbRhvAAtF5pITDgJWE.jpg
829110,Xmas Is Cancelled,,/dVhTXODfRFiIoVapihqWzDoP2qt.jpg
828890,X Japan - World Tour Asia - Hong Kong,2009.0,/v0MEBP0BQTDz31QmBLkBzR9y1Iz.jpg
828906,X Japan - HIDE Memorial Summit,2008.0,/At4yc7VsxzBjDreKj1SMamBwda5.jpg
828735,X Japan - On the verge of destruction,1992.0,/iVd1sxEAhtlpk9yYnIYqvpIn2UP.jpg
829575,X. slet všesokolský,1945.0,
789352,XMASsacre,,
789619,Xpectativa,2005.0,/nC6hNJmdY75TTcn2dlZsByY8WJS.jpg
786985,XOFLDOKJSLSIKD,,
794300,XIV Big Cartoon Festival Screensaver,2020.0,
793478,X-treme Weekend,2008.0,/yhvbbWyh2GjWoUk0juPrwRFYWaL.jpg
792108,X-Ray Visions,,
791824,Xystus: Equilibrio,2008.0,/1mw5yN59YernlPS0AyoXx5GtLQb.jpg
780580,XConfessions 25,2020.0,/leZsYb5BDv0P3e806nUZaGTlNJW.jpg
780346,XWA Wrestlution 2019,2019.0,
781713,XIII,2019.0,/bZmgSFSoFEQVNLrX0N94kVrOivh.jpg
778945,Xam,2020.0,/kV9DLXNhnhAfJIArfrceXrHNttW.jpg
783594,X-Factor,1984.0,/nCQzLLMQdF4oeVJRhxeFWjzTVMd.jpg
809409,Xeneizes,,
810462,XConfessions 26,2021.0,/wvTK6bIzj3zM3iJkvmxliDIjv9F.jpg
807971,Xandoca,2019.0,
807379,Xenia of St. Petersburg,1999.0,/aNO8jNnnSabye9qOMQwIc0idKL9.jpg
802562,Xiu Xiu: You Can’t Hear Me,2009.0,/q8nJANB30bsUCakQ4az1etZ0E71.jpg
613802,XY,2019.0,
613162,X-Love,,
614996,X,,
611089,Xtreme Warriors,2001.0,/eqmRUJddDBFyo13vM0kDEXN2vl0.jpg
604988,Ximei,2019.0,/4v2mAkusCYslvHuWlOr1b2m91bv.jpg
604912,Xiao Guo's Journey into South,2019.0,/qqXOkb3OluaM1me0K4m5uC5nXuF.jpg
606193,Xalbador gaztain kormutxa,1981.0,/zq1bkEHTlQXri4TGrxmAJw7suB9.jpg
605987,Xenolith,1995.0,
603393,XI - A Força,2017.0,/sozH8eaKdIlBbzedZRdozlEdrMP.jpg
608662,XPW Wrestling: Best of The Enterprise,2002.0,/tFmxrQ57pzMqOjQTTVs805caV7l.jpg
608482,XYZ. Portraits d'une transformation,2014.0,/pEMGTP8ntRXaJAp8fIkvXmkQk0p.jpg
631413,Xiao Yao Valley in the Song Mountains,2001.0,/u8160WdQ7Gqdn8qFYPwWkIcnWKr.jpg
635194,XYZ,2016.0,/nbR8fZfAuzmo7gC8ZfTWtuKs8pN.jpg
636266,XaveMePlease,2019.0,/5xVmnrXFWwBHE7xQ6MQ85hPOez3.jpg
636268,XYXY,2018.0,/mjsV2Du4LFVVXxeu1dbhE5csZ1D.jpg
621736,Xwebûn,2017.0,
622996,Xola,,
620651,Xin sheng,1943.0,/u3dmNqHqqqgRBwSKmAA4H9ZQoAy.jpg
627693,XXX Fucktory,2013.0,/euJueCLzDVIixjcpe1VzKwmYQTe.jpg
577518,XX Ray III,2019.0,/i9R84wBzjS8OAW9vmjVURJfa7BU.jpg
577925,XXX's Amazing First Time With A Woman - Ultimate Cherry Boy Defloration... Kaname Otori,2016.0,/2ORU2kVUoWN2PCiQoUJtDL6KobE.jpg
576397,XTC: Live at Rockpalast,1982.0,/3aeP5m6DaSqnqdRgiqeH2d9QlU4.jpg
581605,XY,1954.0,/f1jZ0YRDrQGbokw3UK2b6XiLn7x.jpg
581523,X-Ray Audio: The Documentary,2016.0,/jtRZfeEOAi7U6D0t5CAJSale3zx.jpg
580032,X,1988.0,/3v2botWejQZZr8n4d6c6u74yxEO.jpg
579874,Xerxes - Berlin,2019.0,/s33NmRTIV700SDc8L9pjphDuasV.jpg
567444,XOXO - Hugs And Kisses,2016.0,/fLe1T2TyGiE9KhUIiztAvkLwxY2.jpg
565360,Xevious,2002.0,/gZPtg2iqsyej7kyeJAynYZNEmYx.jpg
565773,XXX Maid Parade,2016.0,/swppwJQEykZPCHybHvVu6wGsO6f.jpg
566086,XXX Alibi 3,2009.0,/24d1MWfFjZfSkY5iZVxPFKGQwuV.jpg
566087,XXX Alibi 2,,/pum0CSLTxBQcbfy0XMByBb50LNs.jpg
573868,Xylophone,2016.0,/tyEh5JUa2gqaBBySKs1UzfWqsHC.jpg
574098,XTREME ENDURANCE: RACE TO THE POLE,,
570098,Xmas 1987 New Years,1988.0,/rScoRVJlyyHUl1Kbay6OrOIuw9q.jpg
569896,Xiang si nü zi ke dian,1985.0,/6SpmWktlVoZBpKDy4Mh9BSuKXkj.jpg
596387,XXX's Amazing First Time With A Woman - Ultimate Cherry Boy Defloration... Sarina Kurokawa,2017.0,/iVha3xsKbFWHFA7HPfnPwhecPZ9.jpg
596362,XXX's Amazing First Time With A Woman - Ultimate Cherry Boy Defloration... Miri Mizuki,2016.0,/mhkaBJn8NoWN7yxgMAUZ7Y5DJns.jpg
596366,XXX's Amazing First Time With A Woman - Ultimate Cherry Boy Defloration... Maria Aine,2017.0,/nHQ8pTosKWaoiqnn1X5PuuSApee.jpg
596371,XXX's Amazing First Time With A Woman - Ultimate Cherry Boy Defloration... Haruka Oohina,2017.0,/ht7hXmqXVeYGRsBACWAGPKPsGtX.jpg
596377,XXX's Amazing First Time With A Woman - Ultimate Cherry Boy Defloration. Shunka Ayami,2017.0,/iQasoBUEqDss0ZudOqEdMGJAboI.jpg
596328,XXX's Amazing First Time With A Woman - Ultimate Cherry Boy Defloration... Nozomi Kitano,2016.0,/24BK1Dmc6sywlBduPXfTDaWMTHw.jpg
596334,XXX's Amazing First Time With A Woman - Ultimate Cherry Boy Defloration... Nao Wakana,2016.0,/rn9mLGpBdSVt3EoqQl3iQgVviIR.jpg
596578,XXX's Amazing First Time With A Woman - Ultimate Cherry Boy Defloration... Ren Yoshikawa,2017.0,/ns01NKPnYqEuVvsbBfATEytMItN.jpg
596585,XXX's Amazing First Time With A Woman - Ultimate Cherry Boy Defloration... Kirari Sena,2018.0,/o9rfhaP6NpecgM3VQsWowVGzpQu.jpg
596612,XXX's Amazing First Time With A Woman - Ultimate Cherry Boy Defloration... Nozomi Arimura,2018.0,/ukZjNcW3A1QmOxzQT0Xn8Mud3z1.jpg
597054,Xtra Large,1984.0,/67BWPpegcFRKWzV1wdnSQXqEhzm.jpg
596865,XXX's Amazing First Time With A Woman - Ultimate Cherry Boy Defloration... Ryo Harusaki,2018.0,/qu9Ci3oZ3I6mTYWnk1M0YLDZMCY.jpg
594120,Xavier Dolan: Bound to Impossible,2016.0,/pdseRIjlGKqO2wThv84YYYYbrv8.jpg
594365,XXX's Amazing First Time With A Woman - Ultimate Cherry Boy Defloration... Kaede Fuyutsuki,2015.0,/g8kCGdnGAxUEwhqHEWasWrHvW5X.jpg
594367,XXX's Amazing First Time With A Woman - Ultimate Cherry Boy Defloration... Ai Yuzuki,2015.0,/lEOr1odjvPcz90jdMEIMvZNgypM.jpg
594370,XXX's Amazing First Time With A Woman - Ultimate Cherry Boy Defloration... Mizuho Uehara,2015.0,/ujRTgiK37WGFszR8PiqsPg65eop.jpg
594372,XXX's Amazing First Time With A Woman - Ultimate Cherry Boy Defloration... Rino Kirishima,2015.0,/ySdAqF9FlKlZLQ0yl0wBYIKNCcZ.jpg
594387,XXX's Amazing First Time With A Woman - Ultimate Cherry Boy Defloration... Airi Suzumura,2016.0,/luTWmOwdnLwXT1QxrPWGzq5VTss.jpg
597949,Xotic Xtreme: X-Girls Island Adventure,,
587125,Xeweleat. La niña  que se comió a su hermanito,,
585620,Xará,2018.0,/l7VHw4AWuja1JcaBeMwkgulLmqE.jpg
589047,Xochipilli,2020.0,/hbTM3t42cSW8AWOdLvhpwdFyIp.jpg
590029,Xitana,2019.0,/I9P4RVOEPrBPJA5GkR47xW3un6.jpg
685534,Xusum,1975.0,
683487,XL Girls Home Alone 2,2006.0,/9IDN8qj9UhfwlhN7OBlCk9z9Mk6.jpg
683580,Xavier Riddle and the Secret Movie: I Am Madam President,2020.0,/cTarJ2LX0W2JN5GWVC7qD2WkhHS.jpg
683664,XXX Chubby Twats,2006.0,/Zh9Sjwx8LGVRE31rwSsVig9cOg.jpg
684747,Xuân Phát Tài 9,2018.0,/vaZ7Bz36QIsgRWFprPkr0e0QMwt.jpg
684116,Xotal,,
689633,Xavier Ryan,2020.0,/aJJC9niE2L2Vtlcs157IXkMeFo2.jpg
691075,X:et,1963.0,/69WDh1GpCHnFVlZdjxKOPPoxEkK.jpg
675529,X Japan Japan Tour 2015 In Nagoya,2015.0,/y8g4RpB1RouSuJeMZcaIZdE5jK2.jpg
672946,XXI Century Love,,
682710,XL Girls Home Alone,2003.0,/tfQshiQMjIloCwySP4INjindlIE.jpg
682142,XY,2019.0,/xvGAJ2bbPMBQjrFnQah1NOmvKwp.jpg
682120,XL Xtra,2004.0,/tqnQ5rLnAIaWkExIRkFH77TYb86.jpg
682130,XXXtreme Big Tit P.O.V,2007.0,/o1gQnkb3pwVY0GYZhe7rUIt2k3X.jpg
694331,Xuxa Só para Baixinhos 12: É pra Dançar,2012.0,/yy8VAjhB3dryDC36SPBQ7F9YBGR.jpg
694453,XXX-Team-GB,2020.0,/eydlRp08ehmmw73FuvDxfc1BuSo.jpg
692388,X Ray: The Inner Image,2019.0,/dNX2Baf4kwyhyj9W8ehitMDBGBN.jpg
692918,Xmas Cake – This American Shelf-Life,2019.0,
699277,X Rated Loves,1971.0,
697565,Xcaret: México espectacular,2020.0,/dFhsS4ruruUKbMW3v4UdCEBMN9A.jpg
649744,XY,2018.0,
647597,Xanatopia,2019.0,/qa3i21459eSnxVwQYTaPjMSoDlu.jpg
646772,XL: Extra Large,2008.0,/uzSTKrKyOtiO8fByOV334sTdn1q.jpg
646831,Xavier Cum and Fill Me,2005.0,/dAtEberrG2ZY6q3Of4PH8OafVFL.jpg
646898,XTFMAX - About Abs,2014.0,
646899,XTFMAX - About Arms,2014.0,
646900,XTFMAX - About Cardio,2014.0,
646901,XTFMAX - About Cardiomax,2014.0,
646902,XTFMAX - About Chest & Back,2014.0,
646903,XTFMAX - About Circuit Burnout,2014.0,
646904,XTFMAX - About Definitions,2014.0,
646905,XTFMAX - About Hard Core,2014.0,
646906,XTFMAX - About Legs,2014.0,
646907,XTFMAX - About Long & Lean,2014.0,
646908,XTFMAX - About Stretch,2014.0,
646909,XTFMAX - About Total Body Blitz,2014.0,
652552,X or Y,2014.0,/cqQKQNWaqVduCfn2vcykPeZ7LEl.jpg
652141,XO RAD Magical,2019.0,/uLvr2bPu0ksekGKYgVT6QePMGzk.jpg
651145,Xarussell,2017.0,/vu5bR5Mr8XA6HzPHrJ5RxjRrIIC.jpg
640086,"XXV-19, Revolución Sandinista",2004.0,/e7RdQNEI42gBx0DYwnob1YPFHBJ.jpg
640123,Xavier,2018.0,/1ik9amPHJCCJYzxD0uzkrwaPPqc.jpg
640128,XVWE,2017.0,/dyHf1v7Oh3G7wdsjdX5m03o2j5u.jpg
639481,Xtreme Players,,
640694,Xiao Qiang had a daydream,2019.0,/dsMMKXHrpv5LYvboZlu4XuJvKUG.jpg
637714,XOCHIMILCO,,
638153,XENO,2019.0,/w9Xk7u4jC2wm8j4IxI21j6H3s91.jpg
638499,X-Gen,2006.0,/nT6loeqJlsDQC3mLoqz9kpJkbU1.jpg
644330,X-Girl vs Supermacho,2016.0,/myLrWebj4mRWdctmPr31QWCZmRD.jpg
642451,Xenophobia,,
641620,Xalko,2018.0,/yzaZwdeGOXoslu69B0awCGQIiNk.jpg
666414,XConfessions 21,2020.0,/ytZGVYIJzA9HYSpfl4QMZGWK4IX.jpg
667511,X Magazine Benefit,2009.0,/rwL7PLelRN7dZYh8g4gXViwLeug.jpg
667309,Xavier: Renegade Angel - Xaviercize!,2007.0,/9J10jbBaPY8wYPkuQxrCrUm54yZ.jpg
664859,X-Mix-2: Destination Planet Dream,1994.0,/3vwTwSyj1MP9SzUwsASYz8S2FeJ.jpg
664780,XFilm,1968.0,/9rpA76rGQfbdAhcRBe9eMzdk7WF.jpg
670474,XiaoMei,2019.0,/sY6aAlHUwvXtVLY6gwFfJQzzN6Z.jpg
668395,Xtina,2020.0,/pDVoCrO1ua7Vj9OEEtmFppajIU3.jpg
658095,X-TrainFit Circuit Burnout 90 - Abs & Burn,2016.0,/yVaRvNBFm7Nroh87Y8Q3Ogz3Xlf.jpg
658097,X-TrainFit Circuit Burnout 90 - Lower Body Circuit,2016.0,/yVaRvNBFm7Nroh87Y8Q3Ogz3Xlf.jpg
658099,X-TrainFit Circuit Burnout 90 - Lower Body Toning,2016.0,/yVaRvNBFm7Nroh87Y8Q3Ogz3Xlf.jpg
658100,X-TrainFit Circuit Burnout 90 - Sport Yoga Lower Body,2016.0,/yVaRvNBFm7Nroh87Y8Q3Ogz3Xlf.jpg
658101,X-TrainFit Circuit Burnout 90 - Sport Yoga Upper Body,2016.0,/yVaRvNBFm7Nroh87Y8Q3Ogz3Xlf.jpg
658103,X-TrainFit Circuit Burnout 90 - Total Body Toning,2016.0,/yVaRvNBFm7Nroh87Y8Q3Ogz3Xlf.jpg
658057,X-TrainFit Circuit Burnout 90 - Abs & Assets,2016.0,/yVaRvNBFm7Nroh87Y8Q3Ogz3Xlf.jpg
658102,X-TrainFit Circuit Burnout 90 - Total Body Circuit,2016.0,/yVaRvNBFm7Nroh87Y8Q3Ogz3Xlf.jpg
658104,X-TrainFit Circuit Burnout 90 - Upper Body Circuit,2016.0,/yVaRvNBFm7Nroh87Y8Q3Ogz3Xlf.jpg
658105,X-TrainFit Circuit Burnout 90 - Upper Body Toning,2016.0,/yVaRvNBFm7Nroh87Y8Q3Ogz3Xlf.jpg
658106,X-TrainFit Circuit Burnout 90 - Stretch,2016.0,/yVaRvNBFm7Nroh87Y8Q3Ogz3Xlf.jpg
657901,Xander De Rycke: Quarter-Life Crisis,2019.0,/rOnBDEvY4f6RS0PVlu4qynzCIEh.jpg
657550,X-Mas Orgy,2012.0,/cAwN8D1DmmFA5ZJVQnWUihjqQ7m.jpg
654558,X-Why,2011.0,/uFwnxgZgFhTnqfx2W13VhwxaEFt.jpg
